Year,Month,Day,DayName,midday,evening 
2021,1,1,Friday,6276,4206
2021,1,2,Saturday,8276,3380
2021,1,3,Sunday,1514,9468
2021,1,4,Monday,3421,3045
2021,1,5,Tuesday,2865,4898
2021,1,6,Wednesday,6389,1729
2021,1,7,Thursday,0511,0421
2021,1,8,Friday,2681,3364
2021,1,9,Saturday,7436,3013
2021,1,10,Sunday,6607,2896
2021,1,11,Monday,4320,3413
2021,1,12,Tuesday,1648,6716
2021,1,13,Wednesday,2749,5043
2021,1,14,Thursday,2511,6946
2021,1,15,Friday,5883,4187
2021,1,16,Saturday,2754,9053
2021,1,17,Sunday,2530,1405
2021,1,18,Monday,8924,4289
2021,1,19,Tuesday,5731,5576
2021,1,20,Wednesday,3310,8870
2021,1,21,Thursday,1475,4109
2021,1,22,Friday,7060,8861
2021,1,23,Saturday,7510,5915
2021,1,24,Sunday,1185,8014
2021,1,25,Monday,2493,7943
2021,1,26,Tuesday,3104,7612
2021,1,27,Wednesday,7311,3468
2021,1,28,Thursday,6681,4318
2021,1,29,Friday,7838,5344
2021,1,30,Saturday,2137,1185
2021,1,31,Sunday,0403,1297
2021,2,1,Monday,1011,7330
2021,2,2,Tuesday,6918,6194
2021,2,3,Wednesday,0103,1064
2021,2,4,Thursday,8389,7318
2021,2,5,Friday,6596,0284
2021,2,6,Saturday,5899,7093
2021,2,7,Sunday,9810,9119
2021,2,8,Monday,8304,6403
2021,2,9,Tuesday,6471,7422
2021,2,10,Wednesday,2299,4761
2021,2,11,Thursday,2045,8296
2021,2,12,Friday,9131,6889
2021,2,13,Saturday,6677,9011
2021,2,14,Sunday,2165,8807
2021,2,15,Monday,5634,6455
2021,2,16,Tuesday,9308,6985
2021,2,17,Wednesday,4800,5475
2021,2,18,Thursday,3537,4719
2021,2,19,Friday,0079,1570
2021,2,20,Saturday,6871,3497
2021,2,21,Sunday,9547,6771
2021,2,22,Monday,7250,1659
2021,2,23,Tuesday,1751,0251
2021,2,24,Wednesday,0789,0791
2021,2,25,Thursday,1375,4227
2021,2,26,Friday,1329,9090
2021,2,27,Saturday,4909,0703
2021,2,28,Sunday,7271,8126
2021,3,1,Monday,9708,3168
2021,3,2,Tuesday,9570,9881
2021,3,3,Wednesday,5506,9276
2021,3,4,Thursday,4053,7885
2021,3,5,Friday,7390,7510
2021,3,6,Saturday,2597,6691
2021,3,7,Sunday,9791,2328
2021,3,8,Monday,9450,8439
2021,3,9,Tuesday,8807,1063
2021,3,10,Wednesday,1449,7602
2021,3,11,Thursday,7295,0836
2021,3,12,Friday,2860,8532
2021,3,13,Saturday,3847,1523
2021,3,14,Sunday,1824,1153
2021,3,15,Monday,1262,4340
2021,3,16,Tuesday,6080,2177
2021,3,17,Wednesday,5852,9167
2021,3,18,Thursday,6957,4085
2021,3,19,Friday,1114,2744
2021,3,20,Saturday,8224,2759
2021,3,21,Sunday,4852,2917
2021,3,22,Monday,9656,6356
2021,3,23,Tuesday,4437,0429
2021,3,24,Wednesday,6607,5453
2021,3,25,Thursday,5940,3810
2021,3,26,Friday,9131,9191
2021,3,27,Saturday,8664,1047
2021,3,28,Sunday,0873,1258
2021,3,29,Monday,9813,1060
2021,3,30,Tuesday,2446,3000
2021,3,31,Wednesday,2042,8981
2021,4,1,Thursday,5093,8787
2021,4,2,Friday,3716,4081
2021,4,3,Saturday,4602,1520
2021,4,4,Sunday,4485,7165
2021,4,5,Monday,9906,1696
2021,4,6,Tuesday,7730,4268
2021,4,7,Wednesday,2032,1555
2021,4,8,Thursday,5594,9753
2021,4,9,Friday,1151,8642
2021,4,10,Saturday,8851,0086
2021,4,11,Sunday,8231,0307
2021,4,12,Monday,3232,1657
2021,4,13,Tuesday,8223,6339
2021,4,14,Wednesday,8059,7570
2021,4,15,Thursday,8049,1047
2021,4,16,Friday,6290,5181
2021,4,17,Saturday,7570,6429
2021,4,18,Sunday,9666,2850
2021,4,19,Monday,5922,9187
2021,4,20,Tuesday,3154,6528
2021,4,21,Wednesday,7978,7251
2021,4,22,Thursday,5243,6545
2021,4,23,Friday,0302,7204
2021,4,24,Saturday,9741,5235
2021,4,25,Sunday,8966,9401
2021,4,26,Monday,4613,4571
2021,4,27,Tuesday,9325,6923
2021,4,28,Wednesday,6424,9044
2021,4,29,Thursday,2357,1797
2021,4,30,Friday,4612,8023
2021,5,1,Saturday,5511,3305
2021,5,2,Sunday,8544,9800
2021,5,3,Monday,7512,8953
2021,5,4,Tuesday,5374,1469
2021,5,5,Wednesday,9411,0668
2021,5,6,Thursday,5981,9627
2021,5,7,Friday,6409,9778
2021,5,8,Saturday,5280,1427
2021,5,9,Sunday,9568,8516
2021,5,10,Monday,3012,3871
2021,5,11,Tuesday,1527,4038
2021,5,12,Wednesday,7174,0160
2021,5,13,Thursday,3750,4265
2021,5,14,Friday,8310,6169
2021,5,15,Saturday,2344,6783
2021,5,16,Sunday,2753,7130
2021,5,17,Monday,7763,5616
2021,5,18,Tuesday,7997,9328
2021,5,19,Wednesday,0433,1443
2021,5,20,Thursday,0846,1116
2021,5,21,Friday,7271,9861
2021,5,22,Saturday,1455,6053
2021,5,23,Sunday,2052,6575
2021,5,24,Monday,2088,4742
2021,5,25,Tuesday,2397,1449
2021,5,26,Wednesday,6659,4179
2021,5,27,Thursday,0337,8369
2021,5,28,Friday,6811,1016
2021,5,29,Saturday,6469,5189
2021,5,30,Sunday,9446,6799
2021,5,31,Monday,1204,4426
2021,6,1,Tuesday,7455,7127
2021,6,2,Wednesday,6818,6097
2021,6,3,Thursday,2092,1577
2021,6,4,Friday,9610,5457
2021,6,5,Saturday,4841,0998
2021,6,6,Sunday,2950,5289
2021,6,7,Monday,3910,0531
2021,6,8,Tuesday,3451,9210
2021,6,9,Wednesday,4370,6484
2021,6,10,Thursday,2769,7831
2021,6,11,Friday,4019,9520
2021,6,12,Saturday,7067,0843
2021,6,13,Sunday,4898,2783
2021,6,14,Monday,6310,7775
2021,6,15,Tuesday,1116,4840
2021,6,16,Wednesday,4760,4532
2021,6,17,Thursday,0344,9724
2021,6,18,Friday,6438,3500
2021,6,19,Saturday,4363,7046
2021,6,20,Sunday,3621,3782
2021,6,21,Monday,7572,5836
2021,6,22,Tuesday,5689,1347
2021,6,23,Wednesday,0535,5963
2021,6,24,Thursday,7804,4754
2021,6,25,Friday,1947,6029
2021,6,26,Saturday,0454,2100
2021,6,27,Sunday,6975,5048
2021,6,28,Monday,1712,0539
2021,6,29,Tuesday,1845,7528
2021,6,30,Wednesday,9330,6612
2021,7,1,Thursday,9210,8371
2021,7,2,Friday,5120,3168
2021,7,3,Saturday,1139,4672
2021,7,4,Sunday,3509,5843
2021,7,5,Monday,5112,5418
2021,7,6,Tuesday,9194,6778
2021,7,7,Wednesday,2961,9991
2021,7,8,Thursday,1056,9906
2021,7,9,Friday,4776,5780
2021,7,10,Saturday,2910,8530
2021,7,11,Sunday,1706,6224
2021,7,12,Monday,7378,9860
2021,7,13,Tuesday,8096,0488
2021,7,14,Wednesday,8843,7278
2021,7,15,Thursday,3793,9327
2021,7,16,Friday,5557,1643
2021,7,17,Saturday,2155,1309
2021,7,18,Sunday,4542,9932
2021,7,19,Monday,4934,4649
2021,7,20,Tuesday,9924,6395
2021,7,21,Wednesday,1958,4029
2021,7,22,Thursday,2613,4666
2021,7,23,Friday,0072,6668
2021,7,24,Saturday,5119,7572
2021,7,25,Sunday,5331,2985
2021,7,26,Monday,8643,1098
2021,7,27,Tuesday,0306,1623
2021,7,28,Wednesday,1292,4317
2021,7,29,Thursday,4841,9367
2021,7,30,Friday,2960,7425
2021,7,31,Saturday,4323,4683
2021,8,1,Sunday,1270,6088
2021,8,2,Monday,8723,4393
2021,8,3,Tuesday,2485,4147
2021,8,4,Wednesday,1772,0916
2021,8,5,Thursday,5596,6387
2021,8,6,Friday,1440,5394
2021,8,7,Saturday,7058,4957
2021,8,8,Sunday,4573,8983
2021,8,9,Monday,0568,5331
2021,8,10,Tuesday,1003,5611
2021,8,11,Wednesday,5556,6931
2021,8,12,Thursday,1554,5361
2021,8,13,Friday,8500,2868
2021,8,14,Saturday,7717,9382
2021,8,15,Sunday,6502,4512
2021,8,16,Monday,9760,5989
2021,8,17,Tuesday,9853,0479
2021,8,18,Wednesday,1399,4525
2021,8,19,Thursday,2733,5369
2021,8,20,Friday,3753,6045
2021,8,21,Saturday,4596,0824
2021,8,22,Sunday,2314,7050
2021,8,23,Monday,7856,3846
2021,8,24,Tuesday,2509,3096
2021,8,25,Wednesday,6107,4725
2021,8,26,Thursday,0102,8240
2021,8,27,Friday,1261,4448
2021,8,28,Saturday,3159,3868
2021,8,29,Sunday,9940,0118
2021,8,30,Monday,2456,7167
2021,8,31,Tuesday,3105,3537
2021,9,1,Wednesday,1876,4619
2021,9,2,Thursday,3573,0563
2021,9,3,Friday,3954,3915
2021,9,4,Saturday,7401,4259
2021,9,5,Sunday,3099,7216
2021,9,6,Monday,8015,1910
2021,9,7,Tuesday,3754,2926
2021,9,8,Wednesday,7320,5296
2021,9,9,Thursday,9126,0254
2021,9,10,Friday,9833,8237
2021,9,11,Saturday,8999,9944
2021,9,12,Sunday,9079,1634
2021,9,13,Monday,7140,2270
2021,9,14,Tuesday,3849,6100
2021,9,15,Wednesday,0022,7977
2021,9,16,Thursday,0693,2311
2021,9,17,Friday,8854,3140
2021,9,18,Saturday,7361,5613
2021,9,19,Sunday,6229,3623
2021,9,20,Monday,3493,7111
2021,9,21,Tuesday,0702,6137
2021,9,22,Wednesday,3091,2729
2021,9,23,Thursday,9143,6383
2021,9,24,Friday,3277,3094
2021,9,25,Saturday,0649,4999
2021,9,26,Sunday,5368,4556
2021,9,27,Monday,6617,1041
2021,9,28,Tuesday,3373,5407
2021,9,29,Wednesday,8815,8424
2021,9,30,Thursday,4235,5379
2021,10,1,Friday,1094,6737
2021,10,2,Saturday,3881,3921
2021,10,3,Sunday,5018,2898
2021,10,4,Monday,1725,9352
2021,10,5,Tuesday,4396,0634
2021,10,6,Wednesday,7553,0798
2021,10,7,Thursday,2157,4372
2021,10,8,Friday,2175,5868
2021,10,9,Saturday,0587,7104
2021,10,10,Sunday,3301,6024
2021,10,11,Monday,3488,9783
2021,10,12,Tuesday,1434,7941
2021,10,13,Wednesday,4710,5393
2021,10,14,Thursday,1434,7321
2021,10,15,Friday,8495,2364
2021,10,16,Saturday,8418,3793
2021,10,17,Sunday,8997,6670
2021,10,18,Monday,5775,2129
2021,10,19,Tuesday,4340,1450
2021,10,20,Wednesday,1442,3157
2021,10,21,Thursday,8163,0924
2021,10,22,Friday,9589,5127
2021,10,23,Saturday,8274,1000
2021,10,24,Sunday,5745,8774
2021,10,25,Monday,3687,0262
2021,10,26,Tuesday,1068,7359
2021,10,27,Wednesday,4615,1775
2021,10,28,Thursday,4391,6813
2021,10,29,Friday,3291,0831
2021,10,30,Saturday,7503,4434
2021,10,31,Sunday,9514,9633
2021,11,1,Monday,5452,2212
2021,11,2,Tuesday,5454,5465
2021,11,3,Wednesday,0873,3535
2021,11,4,Thursday,3488,8842
2021,11,5,Friday,0101,3083
2021,11,6,Saturday,0940,8649
2021,11,7,Sunday,4062,2156
2021,11,8,Monday,2265,6496
2021,11,9,Tuesday,4050,1615
2021,11,10,Wednesday,3652,4171
2021,11,11,Thursday,9799,2697
2021,11,12,Friday,3216,7371
2021,11,13,Saturday,2376,3241
2021,11,14,Sunday,4441,5011
2021,11,15,Monday,0350,8622
2021,11,16,Tuesday,2958,6773
2021,11,17,Wednesday,7782,5815
2021,11,18,Thursday,8462,5334
2021,11,19,Friday,8704,4908
2021,11,20,Saturday,9606,9689
2021,11,21,Sunday,7962,9774
2021,11,22,Monday,2507,0172
2021,11,23,Tuesday,9118,2822
2021,11,24,Wednesday,6110,6051
2021,11,25,Thursday,4321,4673
2021,11,26,Friday,7063,9687
2021,11,27,Saturday,2673,7345
2021,11,28,Sunday,0324,0809
2021,11,29,Monday,0372,4626
2021,11,30,Tuesday,6981,4777
2021,12,1,Wednesday,0829,0989
2021,12,2,Thursday,4946,6370
2021,12,3,Friday,5299,6343
2021,12,4,Saturday,2221,9585
2021,12,5,Sunday,2981,8884
2021,12,6,Monday,2812,2103
2021,12,7,Tuesday,4794,1390
2021,12,8,Wednesday,4553,9450
2021,12,9,Thursday,3895,1128
2021,12,10,Friday,0673,5135
2021,12,11,Saturday,8875,8446
2021,12,12,Sunday,8666,3674
2021,12,13,Monday,0125,0091
2021,12,14,Tuesday,2305,7282
2021,12,15,Wednesday,8778,5949
2021,12,16,Thursday,5976,6626
2021,12,17,Friday,7487,1295
2021,12,18,Saturday,1414,3049
2021,12,19,Sunday,0602,6163
2021,12,20,Monday,7940,0037
2021,12,21,Tuesday,8571,1478
2021,12,22,Wednesday,6547,0202
2021,12,23,Thursday,6215,5295
2021,12,24,Friday,4018,5293
2021,12,25,Saturday,2628,6934
2021,12,26,Sunday,8877,7934
2021,12,27,Monday,1340,3907
2021,12,28,Tuesday,7959,9206
2021,12,29,Wednesday,4336,0522
2021,12,30,Thursday,8999,5979
2021,12,31,Friday,9709,0522
2022,1,1,Saturday,2222,2899
2022,1,2,Sunday,4409,9784
2022,1,3,Monday,2365,4586
2022,1,4,Tuesday,6663,0644
2022,1,5,Wednesday,5389,2334
2022,1,6,Thursday,0036,9974
2022,1,7,Friday,8709,8808
2022,1,8,Saturday,1036,8014
2022,1,9,Sunday,3371,3351
2022,1,10,Monday,7377,6030
2022,1,11,Tuesday,2886,6707
2022,1,12,Wednesday,3563,9411
2022,1,13,Thursday,2061,4395
2022,1,14,Friday,4002,9563
2022,1,15,Saturday,1370,8009
2022,1,16,Sunday,5847,4695
2022,1,17,Monday,5091,9918
2022,1,18,Tuesday,8209,7592
2022,1,19,Wednesday,9589,2610
2022,1,20,Thursday,3051,3074
2022,1,21,Friday,2645,7325
2022,1,22,Saturday,0719,3361
2022,1,23,Sunday,5960,0532
2022,1,24,Monday,2636,1122
2022,1,25,Tuesday,7771,2238
2022,1,26,Wednesday,0625,5954
2022,1,27,Thursday,6816,3942
2022,1,28,Friday,4269,6591
2022,1,29,Saturday,2585,1710
2022,1,30,Sunday,3738,1995
2022,1,31,Monday,9455,8322
2022,2,1,Tuesday,1020,2334
2022,2,2,Wednesday,0324,0658
2022,2,3,Thursday,6856,7733
2022,2,4,Friday,5215,2872
2022,2,5,Saturday,2496,0439
2022,2,6,Sunday,7259,8270
2022,2,7,Monday,7548,3703
2022,2,8,Tuesday,8973,6245
2022,2,9,Wednesday,7580,3423
2022,2,10,Thursday,4828,0164
2022,2,11,Friday,3488,5754
2022,2,12,Saturday,0983,2509
2022,2,13,Sunday,3039,2196
2022,2,14,Monday,1469,4689
2022,2,15,Tuesday,8082,2456
2022,2,16,Wednesday,9645,4397
2022,2,17,Thursday,8088,2002
2022,2,18,Friday,1962,6817
2022,2,19,Saturday,9011,2108
2022,2,20,Sunday,5169,8817
2022,2,21,Monday,9057,2125
2022,2,22,Tuesday,3192,1324
2022,2,23,Wednesday,5216,3356
2022,2,24,Thursday,6789,1483
2022,2,25,Friday,7608,7468
2022,2,26,Saturday,4002,3516
2022,2,27,Sunday,7200,6837
2022,2,28,Monday,7031,5705
2022,3,1,Tuesday,5743,9450
2022,3,2,Wednesday,4306,2576
2022,3,3,Thursday,5636,5166
2022,3,4,Friday,8278,3381
2022,3,5,Saturday,6151,4436
2022,3,6,Sunday,5017,3633
2022,3,7,Monday,7742,3016
2022,3,8,Tuesday,0754,8497
2022,3,9,Wednesday,4222,5523
2022,3,10,Thursday,2458,5399
2022,3,11,Friday,1547,8612
2022,3,12,Saturday,0538,9175
2022,3,13,Sunday,9310,2842
2022,3,14,Monday,8823,1344
2022,3,15,Tuesday,6122,1504
2022,3,16,Wednesday,7107,2274
2022,3,17,Thursday,3327,7754
2022,3,18,Friday,3978,5072
2022,3,19,Saturday,7464,6235
2022,3,20,Sunday,2474,1495
2022,3,21,Monday,9728,9962
2022,3,22,Tuesday,3826,0035
2022,3,23,Wednesday,8638,3700
2022,3,24,Thursday,6272,8479
2022,3,25,Friday,8418,8292
2022,3,26,Saturday,6979,5782
2022,3,27,Sunday,7620,3457
2022,3,28,Monday,2628,6757
2022,3,29,Tuesday,6316,9088
2022,3,30,Wednesday,9363,5825
2022,3,31,Thursday,2275,3068
2022,4,1,Friday,1141,2523
2022,4,2,Saturday,3719,1385
2022,4,3,Sunday,4233,0538
2022,4,4,Monday,0814,9424
2022,4,5,Tuesday,7377,5560
2022,4,6,Wednesday,4781,7913
2022,4,7,Thursday,0972,2085
2022,4,8,Friday,7647,6030
2022,4,9,Saturday,8967,3662
2022,4,10,Sunday,8550,4614
2022,4,11,Monday,7420,2867
2022,4,12,Tuesday,0766,7790
2022,4,13,Wednesday,8477,4429
2022,4,14,Thursday,8260,7356
2022,4,15,Friday,1326,5831
2022,4,16,Saturday,6205,4107
2022,4,17,Sunday,8091,7068
2022,4,18,Monday,5997,0472
2022,4,19,Tuesday,7512,5888
2022,4,20,Wednesday,5706,0286
2022,4,21,Thursday,7628,1501
2022,4,22,Friday,6936,7670
2022,4,23,Saturday,8807,1809
2022,4,24,Sunday,5871,9564
2022,4,25,Monday,2207,1045
2022,4,26,Tuesday,6163,6662
2022,4,27,Wednesday,1516,0698
2022,4,28,Thursday,3442,0197
2022,4,29,Friday,8776,7869
2022,4,30,Saturday,2801,4909
2022,5,1,Sunday,1337,1550
2022,5,2,Monday,4213,4395
2022,5,3,Tuesday,9963,7910
2022,5,4,Wednesday,1078,2717
2022,5,5,Thursday,9641,5038
2022,5,6,Friday,3678,7834
2022,5,7,Saturday,0513,5274
2022,5,8,Sunday,6086,5138
2022,5,9,Monday,9276,0731
2022,5,10,Tuesday,0317,4475
2022,5,11,Wednesday,8805,6354
2022,5,12,Thursday,3431,6812
2022,5,13,Friday,5264,0992
2022,5,14,Saturday,2569,2001
2022,5,15,Sunday,8137,3310
2022,5,16,Monday,0277,3131
2022,5,17,Tuesday,4155,5752
2022,5,18,Wednesday,3433,9801
2022,5,19,Thursday,0530,0838
2022,5,20,Friday,4603,4277
2022,5,21,Saturday,3197,7908
2022,5,22,Sunday,2229,4313
2022,5,23,Monday,9405,5830
2022,5,24,Tuesday,4601,9162
2022,5,25,Wednesday,1951,2738
2022,5,26,Thursday,0935,0874
2022,5,27,Friday,5587,3337
2022,5,28,Saturday,1321,3205
2022,5,29,Sunday,1950,0468
2022,5,30,Monday,9550,2501
2022,5,31,Tuesday,2856,5730
2022,6,1,Wednesday,5013,2622
2022,6,2,Thursday,2605,6828
2022,6,3,Friday,3030,0321
2022,6,4,Saturday,3636,3266
2022,6,5,Sunday,9991,8236
2022,6,6,Monday,5638,1110
2022,6,7,Tuesday,4748,8140
2022,6,8,Wednesday,7591,2915
2022,6,9,Thursday,8280,5778
2022,6,10,Friday,3933,6554
2022,6,11,Saturday,3966,7509
2022,6,12,Sunday,1505,4404
2022,6,13,Monday,2876,8104
2022,6,14,Tuesday,0354,8919
2022,6,15,Wednesday,8418,0164
2022,6,16,Thursday,4144,2447
2022,6,17,Friday,6268,1496
2022,6,18,Saturday,6969,3432
2022,6,19,Sunday,6016,6694
2022,6,20,Monday,3868,1877
2022,6,21,Tuesday,9772,2309
2022,6,22,Wednesday,8264,7118
2022,6,23,Thursday,8371,3226
2022,6,24,Friday,9568,5758
2022,6,25,Saturday,5836,1087
2022,6,26,Sunday,3818,6382
2022,6,27,Monday,0533,3780
2022,6,28,Tuesday,2965,0915
2022,6,29,Wednesday,0892,7776
2022,6,30,Thursday,1906,3193
2022,7,1,Friday,5396,6587
2022,7,2,Saturday,2226,0662
2022,7,3,Sunday,9104,3771
2022,7,4,Monday,9970,5404
2022,7,5,Tuesday,8850,2224
2022,7,6,Wednesday,4211,1346
2022,7,7,Thursday,6719,2068
2022,7,8,Friday,9820,1154
2022,7,9,Saturday,0043,9288
2022,7,10,Sunday,2340,6756
2022,7,11,Monday,1909,9531
2022,7,12,Tuesday,5154,9266
2022,7,13,Wednesday,8268,8009
2022,7,14,Thursday,9828,4118
2022,7,15,Friday,2502,3320
2022,7,16,Saturday,8828,4245
2022,7,17,Sunday,6616,3435
2022,7,18,Monday,4954,0096
2022,7,19,Tuesday,4709,0647
2022,7,20,Wednesday,5752,1713
2022,7,21,Thursday,1623,3244
2022,7,22,Friday,2250,6351
2022,7,23,Saturday,6175,2149
2022,7,24,Sunday,6515,8356
2022,7,25,Monday,0559,4136
2022,7,26,Tuesday,6525,9098
2022,7,27,Wednesday,8144,1450
2022,7,28,Thursday,6008,7274
2022,7,29,Friday,9407,5822
2022,7,30,Saturday,5945,2970
2022,7,31,Sunday,0684,9034
2022,8,1,Monday,0708,1921
2022,8,2,Tuesday,5000,2306
2022,8,3,Wednesday,7438,0250
2022,8,4,Thursday,1252,2621
2022,8,5,Friday,6243,4366
2022,8,6,Saturday,7583,4946
2022,8,7,Sunday,2409,9594
2022,8,8,Monday,8663,6719
2022,8,9,Tuesday,1545,3639
2022,8,10,Wednesday,7617,7486
2022,8,11,Thursday,9534,4055
2022,8,12,Friday,6733,9970
2022,8,13,Saturday,5263,0094
2022,8,14,Sunday,3331,6414
2022,8,15,Monday,1487,2751
2022,8,16,Tuesday,5407,1316
2022,8,17,Wednesday,3585,1884
2022,8,18,Thursday,0288,9444
2022,8,19,Friday,7635,1456
2022,8,20,Saturday,8715,7297
2022,8,21,Sunday,3370,0158
2022,8,22,Monday,2840,5849
2022,8,23,Tuesday,2927,3298
2022,8,24,Wednesday,8243,4312
2022,8,25,Thursday,1879,8757
2022,8,26,Friday,6359,8111
2022,8,27,Saturday,7151,5525
2022,8,28,Sunday,5404,6588
2022,8,29,Monday,8174,9306
2022,8,30,Tuesday,0856,7941
2022,8,31,Wednesday,2225,4236
2022,9,1,Thursday,5200,9154
2022,9,2,Friday,2631,6124
2022,9,3,Saturday,4117,5344
2022,9,4,Sunday,4863,7162
2022,9,5,Monday,5189,2622
2022,9,6,Tuesday,8595,3319
2022,9,7,Wednesday,7417,8663
2022,9,8,Thursday,8540,2635
2022,9,9,Friday,9536,2752
2022,9,10,Saturday,7797,8311
2022,9,11,Sunday,9863,9484
2022,9,12,Monday,2373,2442
2022,9,13,Tuesday,6708,7232
2022,9,14,Wednesday,5431,4249
2022,9,15,Thursday,1660,2740
2022,9,16,Friday,3883,2088
2022,9,17,Saturday,1438,2287
2022,9,18,Sunday,2812,6080
2022,9,19,Monday,6513,2405
2022,9,20,Tuesday,9155,9678
2022,9,21,Wednesday,7614,1074
2022,9,22,Thursday,2067,0816
2022,9,23,Friday,8308,9491
2022,9,24,Saturday,7748,2428
2022,9,25,Sunday,7727,3664
2022,9,26,Monday,7052,0316
2022,9,27,Tuesday,0195,6714
2022,9,28,Wednesday,3562,3134
2022,9,29,Thursday,9958,5016
2022,9,30,Friday,2827,0909
2022,10,1,Saturday,8581,5757
2022,10,2,Sunday,0869,9338
2022,10,3,Monday,7826,5016
2022,10,4,Tuesday,9959,8056
2022,10,5,Wednesday,5955,3873
2022,10,6,Thursday,3484,4380
2022,10,7,Friday,3971,9037
2022,10,8,Saturday,6228,3347
2022,10,9,Sunday,5563,9579
2022,10,10,Monday,8909,0403
2022,10,11,Tuesday,5564,2993
2022,10,12,Wednesday,5429,0421
2022,10,13,Thursday,9738,1844
2022,10,14,Friday,2909,0243
2022,10,15,Saturday,7941,8756
2022,10,16,Sunday,1452,7897
2022,10,17,Monday,7166,3030
2022,10,18,Tuesday,3189,1815
2022,10,19,Wednesday,1109,2248
2022,10,20,Thursday,4374,6225
2022,10,21,Friday,6144,2226
2022,10,22,Saturday,8560,8288
2022,10,23,Sunday,0616,7008
2022,10,24,Monday,5010,7088
2022,10,25,Tuesday,3077,8545
2022,10,26,Wednesday,6587,0654
2022,10,27,Thursday,3678,8129
2022,10,28,Friday,4048,1917
2022,10,29,Saturday,3435,8661
2022,10,30,Sunday,5627,9058
2022,10,31,Monday,8860,3581
2022,11,1,Tuesday,5563,6904
2022,11,2,Wednesday,5112,4147
2022,11,3,Thursday,1043,5285
2022,11,4,Friday,4036,7824
2022,11,5,Saturday,4343,3085
2022,11,6,Sunday,2827,5858
2022,11,7,Monday,5941,6943
2022,11,8,Tuesday,5120,7009
2022,11,9,Wednesday,0173,5332
2022,11,10,Thursday,3333,5630
2022,11,11,Friday,5305,4197
2022,11,12,Saturday,9993,1447
2022,11,13,Sunday,1905,9565
2022,11,14,Monday,6636,3274
2022,11,15,Tuesday,1148,2897
2022,11,16,Wednesday,6436,3288
2022,11,17,Thursday,7757,8771
2022,11,18,Friday,5376,4959
2022,11,19,Saturday,1239,9705
2022,11,20,Sunday,7510,5811
2022,11,21,Monday,7577,9319
2022,11,22,Tuesday,5543,4335
2022,11,23,Wednesday,4467,5868
2022,11,24,Thursday,5433,7910
2022,11,25,Friday,6390,0299
2022,11,26,Saturday,2219,1081
2022,11,27,Sunday,3338,2309
2022,11,28,Monday,0120,5496
2022,11,29,Tuesday,9631,4773
2022,11,30,Wednesday,2644,6256
2022,12,1,Thursday,3201,7273
2022,12,2,Friday,7966,9097
2022,12,3,Saturday,6979,8586
2022,12,4,Sunday,9377,0599
2022,12,5,Monday,3120,8508
2022,12,6,Tuesday,2033,9314
2022,12,7,Wednesday,9422,6411
2022,12,8,Thursday,5439,1584
2022,12,9,Friday,0107,4254
2022,12,10,Saturday,6093,0897
2022,12,11,Sunday,8463,5005
2022,12,12,Monday,9382,2605
2022,12,13,Tuesday,4827,6826
2022,12,14,Wednesday,8882,3298
2022,12,15,Thursday,7108,9212
2022,12,16,Friday,6415,6855
2022,12,17,Saturday,8534,5211
2022,12,18,Sunday,5654,4178
2022,12,19,Monday,9488,4746
2022,12,20,Tuesday,1881,3730
2022,12,21,Wednesday,9197,2782
2022,12,22,Thursday,4058,1259
2022,12,23,Friday,7411,5047
2022,12,24,Saturday,4533,8789
2022,12,25,Sunday,7800,9958
2022,12,26,Monday,6059,1971
2022,12,27,Tuesday,0088,5684
2022,12,28,Wednesday,4204,5616
2022,12,29,Thursday,7784,5292
2022,12,30,Friday,0378,4856
2022,12,31,Saturday,3898,2549
2023,1,1,Sunday,4294,5179
2023,1,2,Monday,1630,9674
2023,1,3,Tuesday,6048,1366
2023,1,4,Wednesday,7710,0472
2023,1,5,Thursday,8955,2278
2023,1,6,Friday,1087,3540
2023,1,7,Saturday,0060,9452
2023,1,8,Sunday,8613,7434
2023,1,9,Monday,3994,1573
2023,1,10,Tuesday,8810,6893
2023,1,11,Wednesday,0353,9834
2023,1,12,Thursday,9051,9132
2023,1,13,Friday,9987,9420
2023,1,14,Saturday,9418,6220
2023,1,15,Sunday,3170,0928
2023,1,16,Monday,1494,7100
2023,1,17,Tuesday,0580,2403
2023,1,18,Wednesday,2938,0785
2023,1,19,Thursday,6514,2139
2023,1,20,Friday,3879,2183
2023,1,21,Saturday,7163,7890
2023,1,22,Sunday,8220,9915
2023,1,23,Monday,3171,9252
2023,1,24,Tuesday,9768,9428
2023,1,25,Wednesday,2338,6601
2023,1,26,Thursday,5856,3661
2023,1,27,Friday,9879,9887
2023,1,28,Saturday,5887,5039
2023,1,29,Sunday,5148,1922
2023,1,30,Monday,6995,7749
2023,1,31,Tuesday,4763,6604
2023,2,1,Wednesday,8226,8629
2023,2,2,Thursday,9819,0494
2023,2,3,Friday,8598,4574
2023,2,4,Saturday,1855,7331
2023,2,5,Sunday,5859,9949
2023,2,6,Monday,9674,4791
2023,2,7,Tuesday,0187,9905
2023,2,8,Wednesday,8047,8444
2023,2,9,Thursday,4495,1896
2023,2,10,Friday,6152,6402
2023,2,11,Saturday,4589,4468
2023,2,12,Sunday,9690,5912
2023,2,13,Monday,7213,7383
2023,2,14,Tuesday,8574,2517
2023,2,15,Wednesday,8368,2128
2023,2,16,Thursday,9719,0056
2023,2,17,Friday,6338,6452
2023,2,18,Saturday,1864,0823
2023,2,19,Sunday,6421,4173
2023,2,20,Monday,0295,3197
2023,2,21,Tuesday,7976,0299
2023,2,22,Wednesday,6326,0922
2023,2,23,Thursday,0048,7997
2023,2,24,Friday,9439,6646
2023,2,25,Saturday,3014,8593
2023,2,26,Sunday,0294,8440
2023,2,27,Monday,8879,3264
2023,2,28,Tuesday,4461,9282
2023,3,1,Wednesday,2401,6904
2023,3,2,Thursday,6500,9631
2023,3,3,Friday,4207,6299
2023,3,4,Saturday,8865,7950
2023,3,5,Sunday,4794,4037
2023,3,6,Monday,2965,7912
2023,3,7,Tuesday,5296,3305
2023,3,8,Wednesday,7951,9300
2023,3,9,Thursday,5076,2793
2023,3,10,Friday,8254,3839
2023,3,11,Saturday,7306,8520
2023,3,12,Sunday,7241,3822
2023,3,13,Monday,2725,2884
2023,3,14,Tuesday,8959,5279
2023,3,15,Wednesday,6426,0008
2023,3,16,Thursday,8501,2657
2023,3,17,Friday,5241,0440
2023,3,18,Saturday,0594,5817
2023,3,19,Sunday,1712,0920
2023,3,20,Monday,7962,1950
2023,3,21,Tuesday,0331,7972
2023,3,22,Wednesday,6542,0685
2023,3,23,Thursday,1057,1284
2023,3,24,Friday,8871,4290
2023,3,25,Saturday,5515,1994
2023,3,26,Sunday,8985,8971
2023,3,27,Monday,8501,0862
2023,3,28,Tuesday,3246,1146
2023,3,29,Wednesday,2155,8078
2023,3,30,Thursday,1627,3548
2023,3,31,Friday,1899,9517
2023,4,1,Saturday,5120,6745
2023,4,2,Sunday,0965,6785
2023,4,3,Monday,5114,3780
2023,4,4,Tuesday,7561,6192
2023,4,5,Wednesday,4390,8479
2023,4,6,Thursday,2732,3903
2023,4,7,Friday,0624,2085
2023,4,8,Saturday,2487,1471
2023,4,9,Sunday,7674,4851
2023,4,10,Monday,2735,4252
2023,4,11,Tuesday,9168,4069
2023,4,12,Wednesday,1870,7732
2023,4,13,Thursday,4081,5512
2023,4,14,Friday,5794,3036
2023,4,15,Saturday,0821,7548
2023,4,16,Sunday,6365,7797
2023,4,17,Monday,7031,9666
2023,4,18,Tuesday,2552,6175
2023,4,19,Wednesday,1353,8539
2023,4,20,Thursday,0274,0238
2023,4,21,Friday,4918,2354
2023,4,22,Saturday,5511,0703
2023,4,23,Sunday,8807,9223
2023,4,24,Monday,8248,1539
2023,4,25,Tuesday,6305,6210
2023,4,26,Wednesday,9491,2937
2023,4,27,Thursday,3502,6724
2023,4,28,Friday,0158,4438
2023,4,29,Saturday,9736,0302
2023,4,30,Sunday,4243,5003
2023,5,1,Monday,2234,7389
2023,5,2,Tuesday,8480,6399
2023,5,3,Wednesday,1482,6090
2023,5,4,Thursday,9461,2256
2023,5,5,Friday,2215,5632
2023,5,6,Saturday,4249,9922
2023,5,7,Sunday,5523,1205
2023,5,8,Monday,4547,8047
2023,5,9,Tuesday,0547,9630
2023,5,10,Wednesday,9622,4910
2023,5,11,Thursday,1369,1081
2023,5,12,Friday,8653,9373
2023,5,13,Saturday,1842,4375
2023,5,14,Sunday,6840,3965
2023,5,15,Monday,3160,1181
2023,5,16,Tuesday,1889,9626
2023,5,17,Wednesday,2266,6976
2023,5,18,Thursday,5316,1751
2023,5,19,Friday,4423,9273
2023,5,20,Saturday,5097,9079
2023,5,21,Sunday,4625,4090
2023,5,22,Monday,8186,3372
2023,5,23,Tuesday,6038,6592
2023,5,24,Wednesday,2220,2609
2023,5,25,Thursday,4832,3726
2023,5,26,Friday,3603,8154
2023,5,27,Saturday,8325,6229
2023,5,28,Sunday,5416,8324
2023,5,29,Monday,3340,2811
2023,5,30,Tuesday,4268,9946
2023,5,31,Wednesday,9971,8789
2023,6,1,Thursday,6202,0728
2023,6,2,Friday,4917,8485
2023,6,3,Saturday,0270,3448
2023,6,4,Sunday,4138,2988
2023,6,5,Monday,8217,3235
2023,6,6,Tuesday,0194,8458
2023,6,7,Wednesday,2468,0892
2023,6,8,Thursday,9614,2984
2023,6,9,Friday,9150,2336
2023,6,10,Saturday,3481,0180
2023,6,11,Sunday,9787,0314
2023,6,12,Monday,3469,6468
2023,6,13,Tuesday,9673,2866
2023,6,14,Wednesday,9203,7114
2023,6,15,Thursday,0893,6741
2023,6,16,Friday,1586,8552
2023,6,17,Saturday,1938,2136
2023,6,18,Sunday,0159,7198
2023,6,19,Monday,0780,3015
2023,6,20,Tuesday,3230,3829
2023,6,21,Wednesday,4741,8023
2023,6,22,Thursday,9140,0088
2023,6,23,Friday,5864,3485
2023,6,24,Saturday,3629,8723
2023,6,25,Sunday,2192,6381
2023,6,26,Monday,2224,1396
2023,6,27,Tuesday,4931,4934
2023,6,28,Wednesday,0538,7426
2023,6,29,Thursday,1734,5586
2023,6,30,Friday,3577,7938
2023,7,1,Saturday,4240,6522
2023,7,2,Sunday,2219,6407
2023,7,3,Monday,8761,6634
2023,7,4,Tuesday,4304,2538
2023,7,5,Wednesday,6052,5180
2023,7,6,Thursday,8940,7572
2023,7,7,Friday,1209,1986
2023,7,8,Saturday,0164,5607
2023,7,9,Sunday,7507,6550
2023,7,10,Monday,0686,7671
2023,7,11,Tuesday,9719,2994
2023,7,12,Wednesday,6556,0266
2023,7,13,Thursday,8045,8833
2023,7,14,Friday,9602,6729
2023,7,15,Saturday,1324,1293
2023,7,16,Sunday,5462,5407
2023,7,17,Monday,6734,5695
2023,7,18,Tuesday,0671,1463
2023,7,19,Wednesday,9547,5569
2023,7,20,Thursday,0890,0684
2023,7,21,Friday,9057,7139
2023,7,22,Saturday,5589,1597
2023,7,23,Sunday,7557,9103
2023,7,24,Monday,0462,2854
2023,7,25,Tuesday,9920,2026
2023,7,26,Wednesday,0154,5123
2023,7,27,Thursday,2706,8461
2023,7,28,Friday,4087,9802
2023,7,29,Saturday,2013,0474
2023,7,30,Sunday,9178,1171
2023,7,31,Monday,9191,5355
2023,8,1,Tuesday,5156,3274
2023,8,2,Wednesday,5389,1040
2023,8,3,Thursday,1413,6570
2023,8,4,Friday,7341,1882
2023,8,5,Saturday,3486,6171
2023,8,6,Sunday,8856,0591
2023,8,7,Monday,9443,1044
2023,8,8,Tuesday,1636,6921
2023,8,9,Wednesday,2042,0522
2023,8,10,Thursday,6961,8084
2023,8,11,Friday,5284,9924
2023,8,12,Saturday,3462,2396
2023,8,13,Sunday,8061,6865
2023,8,14,Monday,0504,1643
2023,8,15,Tuesday,7062,2489
2023,8,16,Wednesday,3031,5924
2023,8,17,Thursday,2489,5546
2023,8,18,Friday,7174,4889
2023,8,19,Saturday,2785,8737
2023,8,20,Sunday,4689,3674
2023,8,21,Monday,9681,7294
2023,8,22,Tuesday,7558,9570
2023,8,23,Wednesday,5315,8859
2023,8,24,Thursday,5629,7381
2023,8,25,Friday,0959,8359
2023,8,26,Saturday,7791,0294
2023,8,27,Sunday,2087,3100
2023,8,28,Monday,4655,3377
2023,8,29,Tuesday,8395,5272
2023,8,30,Wednesday,7454,0839
2023,8,31,Thursday,7493,3151
2023,9,1,Friday,9699,4487
2023,9,2,Saturday,0584,7087
2023,9,3,Sunday,9216,2202
2023,9,4,Monday,4029,8803
2023,9,5,Tuesday,2018,8785
2023,9,6,Wednesday,1646,6509
2023,9,7,Thursday,2537,4117
2023,9,8,Friday,8384,0453
2023,9,9,Saturday,9981,8136
2023,9,10,Sunday,3197,1568
2023,9,11,Monday,4616,4864
2023,9,12,Tuesday,6849,6127
2023,9,13,Wednesday,6766,8897
2023,9,14,Thursday,7596,5044
2023,9,15,Friday,1976,0279
2023,9,16,Saturday,9490,1760
2023,9,17,Sunday,0742,7801
2023,9,18,Monday,1374,8297
2023,9,19,Tuesday,1401,3576
2023,9,20,Wednesday,5236,1681
2023,9,21,Thursday,3247,4492
2023,9,22,Friday,3094,2185
2023,9,23,Saturday,2526,8592
2023,9,24,Sunday,1528,8300
2023,9,25,Monday,7642,9542
2023,9,26,Tuesday,4664,9623
2023,9,27,Wednesday,9910,4754
2023,9,28,Thursday,5368,4459
2023,9,29,Friday,1804,5079
2023,9,30,Saturday,1065,0822
2023,10,1,Sunday,4862,9235
2023,10,2,Monday,7774,5743
2023,10,3,Tuesday,1358,1584
2023,10,4,Wednesday,4585,2889
2023,10,5,Thursday,8410,7832
2023,10,6,Friday,9907,7002
2023,10,7,Saturday,3582,9415
2023,10,8,Sunday,9207,6486
2023,10,9,Monday,2779,7382
2023,10,10,Tuesday,6909,5517
2023,10,11,Wednesday,4774,5951
2023,10,12,Thursday,5724,0711
2023,10,13,Friday,5968,5226
2023,10,14,Saturday,9183,9884
2023,10,15,Sunday,7408,8226
2023,10,16,Monday,0049,9818
2023,10,17,Tuesday,8484,4885
2023,10,18,Wednesday,0414,5388
2023,10,19,Thursday,9869,6043
2023,10,20,Friday,3911,0665
2023,10,21,Saturday,5782,2666
2023,10,22,Sunday,7728,6694
2023,10,23,Monday,9607,6058
2023,10,24,Tuesday,3002,7671
2023,10,25,Wednesday,8109,1883
2023,10,26,Thursday,4312,7380
2023,10,27,Friday,7128,3775
2023,10,28,Saturday,4578,6186
2023,10,29,Sunday,9947,7891
2023,10,30,Monday,4583,6278
2023,10,31,Tuesday,6933,9136
2023,11,1,Wednesday,3036,6811
2023,11,2,Thursday,7332,9039
2023,11,3,Friday,0210,1619
2023,11,4,Saturday,8753,6143
2023,11,5,Sunday,7231,4092
2023,11,6,Monday,2180,4043
2023,11,7,Tuesday,9284,3235
2023,11,8,Wednesday,9028,0387
2023,11,9,Thursday,9589,1017
2023,11,10,Friday,0255,8552
2023,11,11,Saturday,9785,2596
2023,11,12,Sunday,3008,4729
2023,11,13,Monday,8431,4682
2023,11,14,Tuesday,8630,3015
2023,11,15,Wednesday,2420,2179
2023,11,16,Thursday,7311,4659
2023,11,17,Friday,4029,2834
2023,11,18,Saturday,1188,4446
2023,11,19,Sunday,4335,3463
2023,11,20,Monday,1528,4999
2023,11,21,Tuesday,1097,3607
2023,11,22,Wednesday,7649,5442
2023,11,23,Thursday,8593,3479
2023,11,24,Friday,2011,7927
2023,11,25,Saturday,2037,6870
2023,11,26,Sunday,9289,2559
2023,11,27,Monday,3561,2912
2023,11,28,Tuesday,8402,9840
2023,11,29,Wednesday,0139,6836
2023,11,30,Thursday,4696,7456
2023,12,1,Friday,9798,2643
2023,12,2,Saturday,4375,7990
2023,12,3,Sunday,6351,2701
2023,12,4,Monday,1700,4933
2023,12,5,Tuesday,4416,0796
2023,12,6,Wednesday,1986,4167
2023,12,7,Thursday,3592,5495
2023,12,8,Friday,5804,0172
2023,12,9,Saturday,5597,4980
2023,12,10,Sunday,1932,0799
2023,12,11,Monday,9243,9850
2023,12,12,Tuesday,9052,1908
2023,12,13,Wednesday,6194,0015
2023,12,14,Thursday,8612,2476
2023,12,15,Friday,7243,5422
2023,12,16,Saturday,4787,9259
2023,12,17,Sunday,3892,2656
2023,12,18,Monday,0994,9033
2023,12,19,Tuesday,0458,2984
2023,12,20,Wednesday,6852,1872
2023,12,21,Thursday,2201,7352
2023,12,22,Friday,6363,3947
2023,12,23,Saturday,8636,7871
2023,12,24,Sunday,5417,2327
2023,12,25,Monday,7772,8067
2023,12,26,Tuesday,7837,2847
2023,12,27,Wednesday,9553,4057
2023,12,28,Thursday,0814,3532
2023,12,29,Friday,4043,9928
2023,12,30,Saturday,2426,5009
2023,12,31,Sunday,2717,4400
2024,1,1,Monday,4330,7737
2024,1,2,Tuesday,7127,1254
2024,1,3,Wednesday,8913,7056
2024,1,4,Thursday,9855,5817
2024,1,5,Friday,1983,4937
2024,1,6,Saturday,3883,5777
2024,1,7,Sunday,2197,6616
2024,1,8,Monday,6373,5863
2024,1,9,Tuesday,4005,3372
2024,1,10,Wednesday,1369,0908
2024,1,11,Thursday,3829,6763
2024,1,12,Friday,7498,1755
2024,1,13,Saturday,0373,1620
2024,1,14,Sunday,3766,3377
2024,1,15,Monday,9750,4302
2024,1,16,Tuesday,4824,0007
2024,1,17,Wednesday,0356,9964
2024,1,18,Thursday,6651,5352
2024,1,19,Friday,4338,2967
2024,1,20,Saturday,9156,0083
2024,1,21,Sunday,4428,8326
2024,1,22,Monday,6307,4954
2024,1,23,Tuesday,3864,4186
2024,1,24,Wednesday,8083,3694
2024,1,25,Thursday,5261,1183
2024,1,26,Friday,6149,0221
2024,1,27,Saturday,6274,0592
2024,1,28,Sunday,7742,8097
2024,1,29,Monday,2991,3077
2024,1,30,Tuesday,5185,4899
2024,1,31,Wednesday,8571,7097
2024,2,1,Thursday,0267,8958
2024,2,2,Friday,2852,1736
2024,2,3,Saturday,2845,0751
2024,2,4,Sunday,3964,9853
2024,2,5,Monday,1928,5801
2024,2,6,Tuesday,0071,9628
2024,2,7,Wednesday,1554,1377
2024,2,8,Thursday,5808,4848
2024,2,9,Friday,9749,4785
2024,2,10,Saturday,9491,8563
2024,2,11,Sunday,2818,7335
2024,2,12,Monday,2953,8463
2024,2,13,Tuesday,1845,1073
2024,2,14,Wednesday,9937,7778
2024,2,15,Thursday,8733,4606
2024,2,16,Friday,2475,7774
2024,2,17,Saturday,3880,4450
2024,2,18,Sunday,4530,1952
2024,2,19,Monday,2947,1072
2024,2,20,Tuesday,7678,7758
2024,2,21,Wednesday,5587,4911
2024,2,22,Thursday,1287,5487
2024,2,23,Friday,0249,3678
2024,2,24,Saturday,6608,4630
2024,2,25,Sunday,2378,0365
2024,2,26,Monday,8899,2717
2024,2,27,Tuesday,2633,8956
2024,2,28,Wednesday,4370,7484
2024,2,29,Thursday,4002,9344
2024,3,1,Friday,9994,9511
2024,3,2,Saturday,0148,2197
2024,3,3,Sunday,6092,4859
2024,3,4,Monday,4991,2325
2024,3,5,Tuesday,2491,1442
2024,3,6,Wednesday,2461,2773
2024,3,7,Thursday,4392,5098
2024,3,8,Friday,3895,5773
2024,3,9,Saturday,9469,7162
2024,3,10,Sunday,8954,2949
2024,3,11,Monday,7692,2391
2024,3,12,Tuesday,7942,8419
2024,3,13,Wednesday,9638,4396
2024,3,14,Thursday,6195,5197
2024,3,15,Friday,1155,7672
2024,3,16,Saturday,0912,2895
2024,3,17,Sunday,6575,5049
2024,3,18,Monday,5577,5945
2024,3,19,Tuesday,4033,3366
2024,3,20,Wednesday,3411,3628
2024,3,21,Thursday,5952,0457
2024,3,22,Friday,3880,2925
2024,3,23,Saturday,2043,8150
2024,3,24,Sunday,9133,6984
2024,3,25,Monday,4695,2085
2024,3,26,Tuesday,4632,3368
2024,3,27,Wednesday,2236,8157
2024,3,28,Thursday,9545,6224
2024,3,29,Friday,0038,1188
2024,3,30,Saturday,8276,7759
2024,3,31,Sunday,3617,0515
2024,4,1,Monday,6070,2275
2024,4,2,Tuesday,3190,2379
2024,4,3,Wednesday,1267,9176
2024,4,4,Thursday,4940,0812
2024,4,5,Friday,6849,6397
2024,4,6,Saturday,4025,9304
2024,4,7,Sunday,6649,8115
2024,4,8,Monday,5173,7272
2024,4,9,Tuesday,9279,9317
2024,4,10,Wednesday,0087,1123
2024,4,11,Thursday,3497,2831
2024,4,12,Friday,4799,6304
2024,4,13,Saturday,0178,3483
2024,4,14,Sunday,8452,0122
2024,4,15,Monday,0768,7237
2024,4,16,Tuesday,1700,4319
2024,4,17,Wednesday,1251,8075
2024,4,18,Thursday,5743,5428
2024,4,19,Friday,6808,1781
2024,4,20,Saturday,8665,3385
2024,4,21,Sunday,4585,3580
2024,4,22,Monday,0933,0830
2024,4,23,Tuesday,5085,0858
2024,4,24,Wednesday,2887,4129
2024,4,25,Thursday,9383,7142
2024,4,26,Friday,1264,4287
2024,4,27,Saturday,7282,3533
2024,4,28,Sunday,6167,6715
2024,4,29,Monday,9639,3710
2024,4,30,Tuesday,8376,0096
2024,5,1,Wednesday,9194,9347
2024,5,2,Thursday,7692,7347
2024,5,3,Friday,9331,0155
2024,5,4,Saturday,9283,5431
2024,5,5,Sunday,7027,5890
2024,5,6,Monday,1523,9353
2024,5,7,Tuesday,1373,4980
2024,5,8,Wednesday,7052,1138
2024,5,9,Thursday,3559,6344
2024,5,10,Friday,1167,9789
2024,5,11,Saturday,8309,9423
2024,5,12,Sunday,4724,8199
2024,5,13,Monday,0158,1319
2024,5,14,Tuesday,5979,4021
2024,5,15,Wednesday,2811,1224
2024,5,16,Thursday,4058,6824
2024,5,17,Friday,2832,6506
2024,5,18,Saturday,4134,4238
2024,5,19,Sunday,8840,4629
2024,5,20,Monday,5221,2076
2024,5,21,Tuesday,1169,3892
2024,5,22,Wednesday,4992,0442
2024,5,23,Thursday,6267,0153
2024,5,24,Friday,3407,1288
2024,5,25,Saturday,8818,1065
2024,5,26,Sunday,1993,1959
2024,5,27,Monday,0955,1869
2024,5,28,Tuesday,0371,4090
2024,5,29,Wednesday,3473,5980
2024,5,30,Thursday,5476,9544
2024,5,31,Friday,0653,4362
2024,6,1,Saturday,1456,1454
2024,6,2,Sunday,4803,1278
2024,6,3,Monday,5010,2269
2024,6,4,Tuesday,3780,6877
2024,6,5,Wednesday,6497,9634
2024,6,6,Thursday,2243,8476
2024,6,7,Friday,5359,7995
2024,6,8,Saturday,9197,8593
2024,6,9,Sunday,7800,9910
2024,6,10,Monday,6544,8612
2024,6,11,Tuesday,0294,0664
2024,6,12,Wednesday,1540,2453
2024,6,13,Thursday,4596,3631
2024,6,14,Friday,9379,1434
2024,6,15,Saturday,5592,4316
2024,6,16,Sunday,2911,8210
2024,6,17,Monday,1305,5467
2024,6,18,Tuesday,4744,6600
2024,6,19,Wednesday,8437,5336
2024,6,20,Thursday,0525,0708
2024,6,21,Friday,0700,9188
2024,6,22,Saturday,6471,2248
2024,6,23,Sunday,7137,3287
2024,6,24,Monday,8713,1793
2024,6,25,Tuesday,7020,1744
2024,6,26,Wednesday,2202,9395
2024,6,27,Thursday,4231,8743
2024,6,28,Friday,6013,4097
2024,6,29,Saturday,5525,0773
2024,6,30,Sunday,6529,2605
2024,7,1,Monday,3890,3162
2024,7,2,Tuesday,1771,7585
2024,7,3,Wednesday,9891,5995
2024,7,4,Thursday,4237,4221
2024,7,5,Friday,5224,4552
2024,7,6,Saturday,9243,4413
2024,7,7,Sunday,2078,3036
2024,7,8,Monday,4003,8515
2024,7,9,Tuesday,3534,6630
2024,7,10,Wednesday,6056,7868
2024,7,11,Thursday,0140,3123
2024,7,12,Friday,4056,1070
2024,7,13,Saturday,9226,1923
2024,7,14,Sunday,2344,9159
2024,7,15,Monday,1412,7556
2024,7,16,Tuesday,5057,1533
2024,7,17,Wednesday,2275,2156
2024,7,18,Thursday,9763,9636
2024,7,19,Friday,0075,3321
2024,7,20,Saturday,8418,5895
2024,7,21,Sunday,3221,7746
2024,7,22,Monday,1559,6482
2024,7,23,Tuesday,0438,7214
2024,7,24,Wednesday,9781,8951
2024,7,25,Thursday,2055,4108
2024,7,26,Friday,5783,9821
2024,7,27,Saturday,3016,5756
2024,7,28,Sunday,0013,5824
2024,7,29,Monday,0865,0697
2024,7,30,Tuesday,1143,0554
2024,7,31,Wednesday,9670,2408
2024,8,1,Thursday,2851,4895
2024,8,2,Friday,1193,9224
2024,8,3,Saturday,8505,5423
2024,8,4,Sunday,8674,6435
2024,8,5,Monday,8695,6209
2024,8,6,Tuesday,3406,8785
2024,8,7,Wednesday,1358,2569
2024,8,8,Thursday,6025,9907
2024,8,9,Friday,9054,8909
2024,8,10,Saturday,6507,4777
2024,8,11,Sunday,9639,6067
2024,8,12,Monday,6398,7470
2024,8,13,Tuesday,9740,7053
2024,8,14,Wednesday,1907,9457
2024,8,15,Thursday,2907,9475
2024,8,16,Friday,2883,9246
2024,8,17,Saturday,7064,5208
2024,8,18,Sunday,6965,7463
2024,8,19,Monday,3000,0267
2024,8,20,Tuesday,2065,9716
2024,8,21,Wednesday,8696,9108
2024,8,22,Thursday,4869,0444
2024,8,23,Friday,2778,0500
2024,8,24,Saturday,1157,6020
2024,8,25,Sunday,6149,1121
2024,8,26,Monday,1029,3024
2024,8,27,Tuesday,4909,4539
2024,8,28,Wednesday,6375,4508
2024,8,29,Thursday,5507,6559
2024,8,30,Friday,7355,8449
2024,8,31,Saturday,7030,4448
2024,9,1,Sunday,4336,8851
2024,9,2,Monday,0882,8148
2024,9,3,Tuesday,4970,2214
2024,9,4,Wednesday,3973,6215
2024,9,5,Thursday,7729,0130
2024,9,6,Friday,7626,7248
2024,9,7,Saturday,0154,3435
2024,9,8,Sunday,9769,4567
2024,9,9,Monday,1137,0720
2024,9,10,Tuesday,8573,4374
2024,9,11,Wednesday,2384,1181
2024,9,12,Thursday,1270,3873
2024,9,13,Friday,3668,4058
2024,9,14,Saturday,5666,9084
2024,9,15,Sunday,9183,6473
2024,9,16,Monday,0649,9843
2024,9,17,Tuesday,8825,2693
2024,9,18,Wednesday,9589,8180
2024,9,19,Thursday,9222,5267
2024,9,20,Friday,5184,5627
2024,9,21,Saturday,3468,2639
2024,9,22,Sunday,5116,0691
2024,9,23,Monday,2714,3694
2024,9,24,Tuesday,6947,9536
2024,9,25,Wednesday,2843,0130
2024,9,26,Thursday,5228,1345
2024,9,27,Friday,1574,3909
2024,9,28,Saturday,7977,7246
2024,9,29,Sunday,7172,8171
2024,9,30,Monday,9081,8800
2024,10,1,Tuesday,4437,8765
2024,10,2,Wednesday,8809,0689
2024,10,3,Thursday,1037,2729
2024,10,4,Friday,0231,6551
2024,10,5,Saturday,5219,5018
2024,10,6,Sunday,5744,8138
2024,10,7,Monday,0577,5293
2024,10,8,Tuesday,6373,9010
2024,10,9,Wednesday,9801,8922
2024,10,10,Thursday,7817,6413
2024,10,11,Friday,8539,4793
2024,10,12,Saturday,9800,2499
2024,10,13,Sunday,3499,9545
2024,10,14,Monday,0504,6885
2024,10,15,Tuesday,3312,8961
2024,10,16,Wednesday,9990,7054
2024,10,17,Thursday,5108,0501
2024,10,18,Friday,6593,0488
2024,10,19,Saturday,1087,7620
2024,10,20,Sunday,7180,3972
2024,10,21,Monday,5398,1558
2024,10,22,Tuesday,9001,6087
2024,10,23,Wednesday,5223,1152
2024,10,24,Thursday,7671,8972
2024,10,25,Friday,2752,5546
2024,10,26,Saturday,2713,0045
2024,10,27,Sunday,2024,6361
2024,10,28,Monday,9486,8090
2024,10,29,Tuesday,3353,3885
2024,10,30,Wednesday,8626,5762
2024,10,31,Thursday,3911,5918
2024,11,1,Friday,5196,9013
2024,11,2,Saturday,0080,7099
2024,11,3,Sunday,3040,5925
2024,11,4,Monday,1732,0285
2024,11,5,Tuesday,6866,2552
2024,11,6,Wednesday,6152,4947
2024,11,7,Thursday,3852,5472
2024,11,8,Friday,3988,3734
2024,11,9,Saturday,6439,9473
2024,11,10,Sunday,3859,6917
2024,11,11,Monday,7154,2156
2024,11,12,Tuesday,6482,2082
2024,11,13,Wednesday,6220,6043
2024,11,14,Thursday,2462,4116
2024,11,15,Friday,9233,0727
2024,11,16,Saturday,1086,4269
2024,11,17,Sunday,0054,7703
2024,11,18,Monday,3531,3518
2024,11,19,Tuesday,6800,7936
2024,11,20,Wednesday,1564,9873
2024,11,21,Thursday,1508,6363
2024,11,22,Friday,4532,0043
2024,11,23,Saturday,2364,9134
2024,11,24,Sunday,5627,1895
2024,11,25,Monday,4389,4072
2024,11,26,Tuesday,7458,9348
2024,11,27,Wednesday,8073,4150
2024,11,28,Thursday,6801,0288
2024,11,29,Friday,2321,4641
2024,11,30,Saturday,0067,2378
2024,12,1,Sunday,5389,1414
2024,12,2,Monday,3688,1891
2024,12,3,Tuesday,9968,5525
2024,12,4,Wednesday,3434,1689
2024,12,5,Thursday,7637,7522
2024,12,6,Friday,6312,9231
2024,12,7,Saturday,1330,1038
2024,12,8,Sunday,2513,3710
2024,12,9,Monday,2919,9920
2024,12,10,Tuesday,8813,1189
2024,12,11,Wednesday,3732,8121
2024,12,12,Thursday,7973,4578
2024,12,13,Friday,7654,2535
2024,12,14,Saturday,7919,6462
2024,12,15,Sunday,9165,1382
2024,12,16,Monday,2296,2180
2024,12,17,Tuesday,5464,1472
2024,12,18,Wednesday,3745,6226
2024,12,19,Thursday,2172,6539
2024,12,20,Friday,5479,4455
2024,12,21,Saturday,4336,8017
2024,12,22,Sunday,3116,0729
2024,12,23,Monday,1278,3929
2024,12,24,Tuesday,6791,2377
2024,12,25,Wednesday,5601,2206
2024,12,26,Thursday,2466,8805
2024,12,27,Friday,1725,6886
2024,12,28,Saturday,4200,7996
2024,12,29,Sunday,5995,2331
2024,12,30,Monday,1973,8974
2024,12,31,Tuesday,7154,1335
2025,1,1,Wednesday,0664,2166
2025,1,2,Thursday,3957,9782
2025,1,3,Friday,6067,1736
2025,1,4,Saturday,2427,2923
2025,1,5,Sunday,4123,7616
2025,1,6,Monday,6010,1646
2025,1,7,Tuesday,0524,4679
2025,1,8,Wednesday,2577,5341
2025,1,9,Thursday,1781,2268
2025,1,10,Friday,8383,4550
2025,1,11,Saturday,0613,8940
2025,1,12,Sunday,4842,0892
2025,1,13,Monday,4219,8847
2025,1,14,Tuesday,5078,5994
2025,1,15,Wednesday,2215,0829
2025,1,16,Thursday,6930,5723
2025,1,17,Friday,3640,0745
2025,1,18,Saturday,1308,9926
2025,1,19,Sunday,1243,4161
2025,1,20,Monday,7048,7054
2025,1,21,Tuesday,9689,1924
2025,1,22,Wednesday,6715,9577
2025,1,23,Thursday,1140,1845
2025,1,24,Friday,2280,9242
2025,1,25,Saturday,3056,2444
2025,1,26,Sunday,4708,9300
2025,1,27,Monday,7460,3042
2025,1,28,Tuesday,7887,0631
2025,1,29,Wednesday,1965,1502
2025,1,30,Thursday,8536,7986
2025,1,31,Friday,4633,5366
2025,2,1,Saturday,9018,2736
2025,2,2,Sunday,9433,5589
2025,2,3,Monday,3663,0208
2025,2,4,Tuesday,8007,2841
2025,2,5,Wednesday,6152,8917
2025,2,6,Thursday,2790,8715
2025,2,7,Friday,5489,3857
2025,2,8,Saturday,6139,8495
2025,2,9,Sunday,6006,2965
2025,2,10,Monday,1955,4901
2025,2,11,Tuesday,5084,0127
2025,2,12,Wednesday,8726,5336
2025,2,13,Thursday,8458,7432
2025,2,14,Friday,9531,5136
2025,2,15,Saturday,7949,7262
2025,2,16,Sunday,7385,7830
2025,2,17,Monday,5857,7971
2025,2,18,Tuesday,6365,4071
2025,2,19,Wednesday,5318,8541
2025,2,20,Thursday,9769,4403
2025,2,21,Friday,8753,3758
2025,2,22,Saturday,4422,8757
2025,2,23,Sunday,6609,3215
2025,2,24,Monday,8000,5230
2025,2,25,Tuesday,8286,7466
2025,2,26,Wednesday,4498,4020
2025,2,27,Thursday,6309,9670
2025,2,28,Friday,0557,5205
2025,3,1,Saturday,4360,2631
2025,3,2,Sunday,3236,9534
2025,3,3,Monday,3868,3707
2025,3,4,Tuesday,2027,8774
2025,3,5,Wednesday,4871,9722
2025,3,6,Thursday,8137,6406
2025,3,7,Friday,4578,3970
2025,3,8,Saturday,0024,6140
2025,3,9,Sunday,8612,8776
2025,3,10,Monday,1227,9636
2025,3,11,Tuesday,5611,5727
2025,3,12,Wednesday,6779,7371
2025,3,13,Thursday,2803,1531
2025,3,14,Friday,4523,1973
2025,3,15,Saturday,5908,5800
2025,3,16,Sunday,1520,7724
2025,3,17,Monday,6259,0549
2025,3,18,Tuesday,9546,2654
2025,3,19,Wednesday,5860,0231
2025,3,20,Thursday,8557,9447
2025,3,21,Friday,1659,0375
2025,3,22,Saturday,7369,2939
2025,3,23,Sunday,7772,8605
2025,3,24,Monday,2193,7144
2025,3,25,Tuesday,6090,2577
2025,3,26,Wednesday,5823,2164
2025,3,27,Thursday,6773,1026
2025,3,28,Friday,7738,0144
2025,3,29,Saturday,5486,5655
2025,3,30,Sunday,8371,1085
2025,3,31,Monday,5859,4251
2025,4,1,Tuesday,3177,8365
2025,4,2,Wednesday,8448,0038
2025,4,3,Thursday,3524,8293
2025,4,4,Friday,4490,6587
2025,4,5,Saturday,4440,7495
2025,4,6,Sunday,4752,5423
2025,4,7,Monday,5583,0820
2025,4,8,Tuesday,8962,3338
2025,4,9,Wednesday,7364,3494
2025,4,10,Thursday,4350,3323
2025,4,11,Friday,7174,4213
2025,4,12,Saturday,0554,1630
2025,4,13,Sunday,8777,6481
2025,4,14,Monday,6378,4863
2025,4,15,Tuesday,9673,2203
2025,4,16,Wednesday,2823,3250
2025,4,17,Thursday,7514,4982
2025,4,18,Friday,0110,5991
2025,4,19,Saturday,3037,5982
2025,4,20,Sunday,9941,7483
2025,4,21,Monday,3617,6836
2025,4,22,Tuesday,3972,4704
2025,4,23,Wednesday,1847,0725
2025,4,24,Thursday,3965,3176
2025,4,25,Friday,2573,4047
2025,4,26,Saturday,2765,7040
2025,4,27,Sunday,0142,8080
2025,4,28,Monday,4626,8964
2025,4,29,Tuesday,5417,8095
2025,4,30,Wednesday,6325,5153
2025,5,1,Thursday,8619,2832
2025,5,2,Friday,5881,3188
2025,5,3,Saturday,1648,2456
2025,5,4,Sunday,2950,8240
2025,5,5,Monday,4837,6614
2025,5,6,Tuesday,3831,6221
2025,5,7,Wednesday,6436,9044
2025,5,8,Thursday,9635,0420
2025,5,9,Friday,9485,7575
2025,5,10,Saturday,1565,6315
2025,5,11,Sunday,9863,6273
2025,5,12,Monday,5482,0485
2025,5,13,Tuesday,4665,4647
2025,5,14,Wednesday,8733,1570
2025,5,15,Thursday,0836,3288
2025,5,16,Friday,3169,6224
2025,5,17,Saturday,6601,0961
2025,5,18,Sunday,5961,7408
2025,5,19,Monday,1542,1510
2025,5,20,Tuesday,7224,1961
2025,5,21,Wednesday,6055,5685
2025,5,22,Thursday,6358,0319
2025,5,23,Friday,3024,4219
2025,5,24,Saturday,3946,4275
2025,5,25,Sunday,1979,1222
2025,5,26,Monday,3951,4997
2025,5,27,Tuesday,1730,3845
2025,5,28,Wednesday,7816,5416
2025,5,29,Thursday,3539,1451
2025,5,30,Friday,0888,4798
2025,5,31,Saturday,2455,1843
2025,6,1,Sunday,6928,1056
2025,6,2,Monday,2822,5365
2025,6,3,Tuesday,3927,1448
2025,6,4,Wednesday,9764,4431
2025,6,5,Thursday,0523,4105
2025,6,6,Friday,5658,5026
2025,6,7,Saturday,7924,8274
2025,6,8,Sunday,2163,4782
2025,6,9,Monday,2851,7769
2025,6,10,Tuesday,3315,6975
2025,6,11,Wednesday,1242,6168
2025,6,12,Thursday,3651,9106
2025,6,13,Friday,2995,7897
2025,6,14,Saturday,2679,0057
2025,6,15,Sunday,3369,6716
2025,6,16,Monday,7044,3394
2025,6,17,Tuesday,5461,1482
2025,6,18,Wednesday,6580,6475
2025,6,19,Thursday,2433,3708
2025,6,20,Friday,0721,7420
2025,6,21,Saturday,0809,8377
2025,6,22,Sunday,6302,7249
2025,6,23,Monday,9977,1202
2025,6,24,Tuesday,8894,3233
2025,6,25,Wednesday,8981,3058
2025,6,26,Thursday,5406,9300
2025,6,27,Friday,3843,0725
2025,6,28,Saturday,4826,3494
2025,6,29,Sunday,2424,8131
2025,6,30,Monday,5258,3380
2025,7,1,Tuesday,0635,8666
2025,7,2,Wednesday,6873,4411
2025,7,3,Thursday,3451,9919
2025,7,4,Friday,2787,8026
2025,7,5,Saturday,6499,3482
2025,7,6,Sunday,1197,2033
2025,7,7,Monday,8806,7449
2025,7,8,Tuesday,0656,3480
2025,7,9,Wednesday,0535,5729
2025,7,10,Thursday,0431,3877
2025,7,11,Friday,2422,8531
2025,7,12,Saturday,0223,9505
2025,7,13,Sunday,4100,4121
2025,7,14,Monday,8279,9699
2025,7,15,Tuesday,7743,7887
2025,7,16,Wednesday,3792,5553
2025,7,17,Thursday,1625,4108
2025,7,18,Friday,6826,1231
2025,7,19,Saturday,9924,1822
2025,7,20,Sunday,4290,8527
2025,7,21,Monday,1826,1213
2025,7,22,Tuesday,8069,6719
2025,7,23,Wednesday,0290,9385
2025,7,24,Thursday,0103,9388
2025,7,25,Friday,0677,5271
2025,7,26,Saturday,2525,7358
2025,7,27,Sunday,2221,9839
2025,7,28,Monday,9283,4203
2025,7,29,Tuesday,5528,0931
2025,7,30,Wednesday,8303,2939
2025,7,31,Thursday,0216,6269
2025,8,1,Friday,7145,8220
2025,8,2,Saturday,2682,4048
2025,8,3,Sunday,1963,7444
2025,8,4,Monday,4744,1282
2025,8,5,Tuesday,1920,6026
2025,8,6,Wednesday,1695,5120
2025,8,7,Thursday,8088,1805
2025,8,8,Friday,8019,0213
2025,8,9,Saturday,5615,9521
2025,8,10,Sunday,9393,3984
2025,8,11,Monday,6419,4885
2025,8,12,Tuesday,7487,1207
2025,8,13,Wednesday,0435,9448
2025,8,14,Thursday,6465,7456
2025,8,15,Friday,6089,9517
2025,8,16,Saturday,8879,1885
2025,8,17,Sunday,7048,4517
2025,8,18,Monday,0827,6773
2025,8,19,Tuesday,7234,5421
2025,8,20,Wednesday,1190,7858
2025,8,21,Thursday,5349,6691
2025,8,22,Friday,4182,9737
2025,8,23,Saturday,7736,8068
2025,8,24,Sunday,6824,8477
2025,8,25,Monday,3080,8948
2025,8,26,Tuesday,2638,4976
2025,8,27,Wednesday,4930,5363
2025,8,28,Thursday,5690,8123
2025,8,29,Friday,8585,0166
2025,8,30,Saturday,1738,8677
2025,8,31,Sunday,4316,7650
2025,9,1,Monday,2788,4041
2025,9,2,Tuesday,3653,5145
2025,9,3,Wednesday,3868,6368
2025,9,4,Thursday,7813,4938
2025,9,5,Friday,3653,1603
2025,9,6,Saturday,2936,6837
2025,9,7,Sunday,1268,4880
2025,9,8,Monday,6268,1829
2025,9,9,Tuesday,8549,4617
2025,9,10,Wednesday,7660,4048
2025,9,11,Thursday,5304,1270
2025,9,12,Friday,3299,2894
2025,9,13,Saturday,5086,1906
2025,9,14,Sunday,9227,4181
2025,9,15,Monday,8351,0348
2025,9,16,Tuesday,9823,2510
2025,9,17,Wednesday,0968,0050
2025,9,18,Thursday,1014,8049
2025,9,19,Friday,7736,9619
2025,9,20,Saturday,0869,9719
2025,9,21,Sunday,5200,7297
2025,9,22,Monday,7987,0333
2025,9,23,Tuesday,8988,4198
2025,9,24,Wednesday,9910,7978
2025,9,25,Thursday,8061,7349
2025,9,26,Friday,1175,2379
2025,9,27,Saturday,0503,8205
2025,9,28,Sunday,0954,5001
2025,9,29,Monday,1563,1148
2025,9,30,Tuesday,6287,0785
2025,10,1,Wednesday,7486,1285
2025,10,2,Thursday,0883,6559
2025,10,3,Friday,9269,6345
2025,10,4,Saturday,6603,5986
2025,10,5,Sunday,1306,9920
2025,10,6,Monday,4329,2326
2025,10,7,Tuesday,0635,7735
2025,10,8,Wednesday,3348,4403
2025,10,9,Thursday,8532,2024
2025,10,10,Friday,4504,8051
2025,10,11,Saturday,1090,6405
2025,10,12,Sunday,5926,1208
2025,10,13,Monday,5945,0401
2025,10,14,Tuesday,6728,0971
2025,10,15,Wednesday,5976,9110
2025,10,16,Thursday,7964,6825
2025,10,17,Friday,0262,2046
2025,10,18,Saturday,1697,5614
2025,10,19,Sunday,0757,9947
2025,10,20,Monday,8178,1527
2025,10,21,Tuesday,7015,7206
2025,10,22,Wednesday,2001,6214
2025,10,23,Thursday,2597,0908
2025,10,24,Friday,0417,6476
2025,10,25,Saturday,8130,6721
2025,10,26,Sunday,1115,8732
2025,10,27,Monday,3965,8971
2025,10,28,Tuesday,8162,1750
2025,10,29,Wednesday,2624,1310
2025,10,30,Thursday,3722,9820
2025,10,31,Friday,2189,9727
2025,11,1,Saturday,8836,8642
2025,11,2,Sunday,1979,7343
2025,11,3,Monday,4987,7920
2025,11,4,Tuesday,1669,8256
2025,11,5,Wednesday,2365,8575
2025,11,6,Thursday,4043,4757
2025,11,7,Friday,1549,3185
2025,11,8,Saturday,6190,0933
2025,11,9,Sunday,9819,8954
2025,11,10,Monday,8776,7457
2025,11,11,Tuesday,4036,0246
2025,11,12,Wednesday,5707,8860
2025,11,13,Thursday,5400,4562
2025,11,14,Friday,8088,3254
2025,11,15,Saturday,1228,3082
2025,11,16,Sunday,5299,7453
2025,11,17,Monday,3363,0628
2025,11,18,Tuesday,5193,5332
2025,11,19,Wednesday,2958,8764
2025,11,20,Thursday,3126,5636
2025,11,21,Friday,5908,8931
2025,11,22,Saturday,4373,6170
2025,11,23,Sunday,6709,8895
2025,11,24,Monday,3225,4721
2025,11,25,Tuesday,3920,3774
2025,11,26,Wednesday,6718,2702
2025,11,27,Thursday,3058,9002
2025,11,28,Friday,9885,4199
2025,11,29,Saturday,3655,2444
2025,11,30,Sunday,5923,2838
2025,12,1,Monday,4725,8557
2025,12,2,Tuesday,4926,1666
2025,12,3,Wednesday,6722,6527
2025,12,4,Thursday,7800,8152
2025,12,5,Friday,0976,9265
2025,12,6,Saturday,6700,5851
2025,12,7,Sunday,5412,7825
2025,12,8,Monday,1412,8327
2025,12,9,Tuesday,3165,5634
2025,12,10,Wednesday,7950,1580
2025,12,11,Thursday,3980,3153
2025,12,12,Friday,7022,3182
2025,12,13,Saturday,1186,0472
2025,12,14,Sunday,7354,9064
2025,12,15,Monday,2934,7898
2025,12,16,Tuesday,8726,5637
2025,12,17,Wednesday,4563,6352
2025,12,18,Thursday,8565,7328
2025,12,19,Friday,7019,1217
2025,12,20,Saturday,6800,7593
2025,12,21,Sunday,9613,7511
2025,12,22,Monday,5252,5719
2025,12,23,Tuesday,7800,9799
2025,12,24,Wednesday,5622,6679
2025,12,25,Thursday,2021,5942
2025,12,26,Friday,6172,3029
2025,12,27,Saturday,1322,3757
2025,12,28,Sunday,8805,1942
2025,12,29,Monday,0388,4298
2025,12,30,Tuesday,5644,6851
2025,12,31,Wednesday,2768,1423
2026,1,1,Thursday,0469,7480
2026,1,2,Friday,9771,6020
2026,1,3,Saturday,9965,1617
2026,1,4,Sunday,0991,2054
2026,1,5,Monday,4831,5275
2026,1,6,Tuesday,8379,1723
2026,1,7,Wednesday,1379,6021
2026,1,8,Thursday,2595,2728
2026,1,9,Friday,4127,0581
2026,1,10,Saturday,2508,6110
2026,1,11,Sunday,9836,4364
2026,1,12,Monday,3617,0083
2026,1,13,Tuesday,1485,2937
2026,1,14,Wednesday,6222,6312
2026,1,15,Thursday,1641,8092
2026,1,16,Friday,2946,4348
2026,1,17,Saturday,5586,0217
2026,1,18,Sunday,2730,7006
2026,1,19,Monday,0400,6778
2026,1,20,Tuesday,7716,1504
2026,1,21,Wednesday,4190,8456
2026,1,22,Thursday,7081,9724
2026,1,23,Friday,2007,2346
2026,1,24,Saturday,9612,3358
2026,1,25,Sunday,0192,9586
2026,1,26,Monday,3375,6808
2026,1,27,Tuesday,7631,8603
2026,1,28,Wednesday,8268,4414
2026,1,29,Thursday,7484,8159
2026,1,30,Friday,2088,3994
2026,1,31,Saturday,4780,0310
2026,2,1,Sunday,3705,4355
2026,2,2,Monday,9945,2665
2026,2,3,Tuesday,2040,9234
2026,2,4,Wednesday,6020,9080
2026,2,5,Thursday,6550,4850
2026,2,6,Friday,0439,9609
2026,2,7,Saturday,3105,3681
2026,2,8,Sunday,4917,2982
2026,2,9,Monday,0618,7022
2026,2,10,Tuesday,1240,0842
2026,2,11,Wednesday,7555,2689
2026,2,12,Thursday,9494,0746
2026,2,13,Friday,1436,6978
2026,2,14,Saturday,6941,2423
2026,2,15,Sunday,7360,9951
2026,2,16,Monday,5999,5159
2026,2,17,Tuesday,6430,9673
2026,2,18,Wednesday,4919,6388
2026,2,19,Thursday,9586,5743
2026,2,20,Friday,9858,8982
2026,2,21,Saturday,7656,5774
2026,2,22,Sunday,4785,
