date,midday,evening,
01-01-2020,0977,,
02-01-2020,5926,,
03-01-2020,5614,,
04-01-2020,3476,,
05-01-2020,2965,,
06-01-2020,1461,,
07-01-2020,0344,,
08-01-2020,4356,,
09-01-2020,7754,,
10-01-2020,7810,,
11-01-2020,3331,,
12-01-2020,0559,,
13-01-2020,9356,,
14-01-2020,3729,,
15-01-2020,2977,,
16-01-2020,5316,,
17-01-2020,8876,,
18-01-2020,6388,,
19-01-2020,1547,,
20-01-2020,7723,,
21-01-2020,6730,,
22-01-2020,5231,,
23-01-2020,0791,,
24-01-2020,7474,,
25-01-2020,4281,,
26-01-2020,3635,,
27-01-2020,3337,,
28-01-2020,5895,,
29-01-2020,6338,,
30-01-2020,9123,,
31-01-2020,1731,,
01-02-2020,1242,,
02-02-2020,3305,,
03-02-2020,7759,,
04-02-2020,1430,,
05-02-2020,1007,,
06-02-2020,2456,,
07-02-2020,0287,,
08-02-2020,7095,,
09-02-2020,8166,,
10-02-2020,8504,,
11-02-2020,6678,,
12-02-2020,6964,,
13-02-2020,7209,,
14-02-2020,9177,,
15-02-2020,7075,,
16-02-2020,0406,,
17-02-2020,7776,,
18-02-2020,8899,,
19-02-2020,6095,,
20-02-2020,9152,,
21-02-2020,9870,,
22-02-2020,8101,,
23-02-2020,2615,,
24-02-2020,0426,,
25-02-2020,3349,,
26-02-2020,7189,,
27-02-2020,0667,,
28-02-2020,9928,,
29-02-2020,0672,,
01-03-2020,6005,,
02-03-2020,6272,,
03-03-2020,1750,,
04-03-2020,6146,,
05-03-2020,5137,,
06-03-2020,9610,,
07-03-2020,9333,,
08-03-2020,4977,,
09-03-2020,0036,,
10-03-2020,1292,,
11-03-2020,9355,,
12-03-2020,7464,,
13-03-2020,5237,,
14-03-2020,3112,,
15-03-2020,7432,,
16-03-2020,4618,,
17-03-2020,1323,,
18-03-2020,4323,,
19-03-2020,0044,,
20-03-2020,9838,,
21-03-2020,6640,,
22-03-2020,0126,,
23-03-2020,7468,,
24-03-2020,4367,,
25-03-2020,0232,,
26-03-2020,2198,,
27-03-2020,5124,,
28-03-2020,6862,,
29-03-2020,3384,,
30-03-2020,6448,,
31-03-2020,0032,,
01-04-2020,8266,,
02-04-2020,1481,,
03-04-2020,2151,,
04-04-2020,0943,,
05-04-2020,6366,,
06-04-2020,6956,,
07-04-2020,5541,,
08-04-2020,7698,,
09-04-2020,8202,,
10-04-2020,0449,,
11-04-2020,3921,,
12-04-2020,6737,,
13-04-2020,2254,,
14-04-2020,9898,,
15-04-2020,4413,,
16-04-2020,9293,,
17-04-2020,2294,,
18-04-2020,0819,,
19-04-2020,1841,,
20-04-2020,5981,,
21-04-2020,9968,,
22-04-2020,8125,,
23-04-2020,0434,,
24-04-2020,4215,,
25-04-2020,8418,,
26-04-2020,8809,,
27-04-2020,7131,,
28-04-2020,9905,,
29-04-2020,9590,,
30-04-2020,5840,,
01-05-2020,9267,,
02-05-2020,5686,,
03-05-2020,3056,,
04-05-2020,4238,,
05-05-2020,2925,,
06-05-2020,3571,,
07-05-2020,7960,,
08-05-2020,6659,,
09-05-2020,2548,,
10-05-2020,7967,,
11-05-2020,8841,,
12-05-2020,1020,,
13-05-2020,1516,,
14-05-2020,5157,,
15-05-2020,4026,,
16-05-2020,2917,,
17-05-2020,4014,,
18-05-2020,3150,,
19-05-2020,6075,,
20-05-2020,7079,,
21-05-2020,3862,,
22-05-2020,1649,,
23-05-2020,6238,,
24-05-2020,3028,,
25-05-2020,3389,,
26-05-2020,6910,,
27-05-2020,1976,,
28-05-2020,8380,,
29-05-2020,1295,,
30-05-2020,2230,,
31-05-2020,5850,,
01-06-2020,6068,,
02-06-2020,1610,,
03-06-2020,1416,,
04-06-2020,4743,,
05-06-2020,1778,,
06-06-2020,4448,,
07-06-2020,3019,,
08-06-2020,8314,,
09-06-2020,6570,,
10-06-2020,0848,,
11-06-2020,8832,,
12-06-2020,3862,,
13-06-2020,7635,,
14-06-2020,2414,,
15-06-2020,3031,,
16-06-2020,1035,,
17-06-2020,3103,,
18-06-2020,8127,,
19-06-2020,9132,,
20-06-2020,2753,,
21-06-2020,1603,,
22-06-2020,9427,,
23-06-2020,1517,,
24-06-2020,8412,,
25-06-2020,4398,,
26-06-2020,6073,,
27-06-2020,6372,,
28-06-2020,3715,,
29-06-2020,2712,,
30-06-2020,3919,,
01-07-2020,7546,,
02-07-2020,5544,,
03-07-2020,6098,,
04-07-2020,6306,,
05-07-2020,3884,,
06-07-2020,6346,,
07-07-2020,9194,,
08-07-2020,2025,,
09-07-2020,4966,,
10-07-2020,0167,,
11-07-2020,3145,,
12-07-2020,8335,,
13-07-2020,1394,,
14-07-2020,7083,,
15-07-2020,8574,,
16-07-2020,2515,,
17-07-2020,7969,,
18-07-2020,0965,,
19-07-2020,9874,,
20-07-2020,6064,,
21-07-2020,0986,,
22-07-2020,1030,,
23-07-2020,0848,,
24-07-2020,7482,,
25-07-2020,2716,,
26-07-2020,9381,,
27-07-2020,8316,,
28-07-2020,7322,,
29-07-2020,8061,,
30-07-2020,4545,,
31-07-2020,3872,,
01-08-2020,4015,,
02-08-2020,9551,,
03-08-2020,2093,,
04-08-2020,4770,,
05-08-2020,0116,,
06-08-2020,4128,,
07-08-2020,2795,,
08-08-2020,9213,,
09-08-2020,5507,,
10-08-2020,5190,,
11-08-2020,3186,,
12-08-2020,6166,,
13-08-2020,7577,,
14-08-2020,5253,,
15-08-2020,9213,,
16-08-2020,1502,,
17-08-2020,4722,,
18-08-2020,5039,,
19-08-2020,5874,,
20-08-2020,6225,,
21-08-2020,3828,,
22-08-2020,4940,,
23-08-2020,3747,,
24-08-2020,0401,,
25-08-2020,1161,,
26-08-2020,9139,,
27-08-2020,9341,,
28-08-2020,2366,,
29-08-2020,6076,,
30-08-2020,4420,,
31-08-2020,3921,,
01-09-2020,5974,,
02-09-2020,2550,,
03-09-2020,6382,,
04-09-2020,8336,,
05-09-2020,9642,,
06-09-2020,8346,,
07-09-2020,4332,,
08-09-2020,6945,,
09-09-2020,7992,,
10-09-2020,7159,,
11-09-2020,9833,,
12-09-2020,2561,,
13-09-2020,0550,,
14-09-2020,2253,,
15-09-2020,3501,,
16-09-2020,1877,,
17-09-2020,6420,,
18-09-2020,4950,,
19-09-2020,8161,,
20-09-2020,0565,,
21-09-2020,6529,,
22-09-2020,3198,,
23-09-2020,1100,,
24-09-2020,4713,,
25-09-2020,3341,,
26-09-2020,1475,,
27-09-2020,1198,,
28-09-2020,0767,,
29-09-2020,1285,,
30-09-2020,3911,,
01-10-2020,7288,,
02-10-2020,4618,,
03-10-2020,3521,,
04-10-2020,6446,,
05-10-2020,7599,,
06-10-2020,6557,,
07-10-2020,1429,,
08-10-2020,8731,,
09-10-2020,4524,,
10-10-2020,0910,,
11-10-2020,6399,,
12-10-2020,1614,,
13-10-2020,2480,,
14-10-2020,9830,,
15-10-2020,6838,,
16-10-2020,5014,,
17-10-2020,0507,,
18-10-2020,3495,,
19-10-2020,4405,,
20-10-2020,1201,,
21-10-2020,3628,,
22-10-2020,2038,,
23-10-2020,6194,,
24-10-2020,4121,,
25-10-2020,8416,,
26-10-2020,3770,,
27-10-2020,2722,,
28-10-2020,5922,,
29-10-2020,4289,,
30-10-2020,0175,,
31-10-2020,4516,,
01-11-2020,7777,,
02-11-2020,3459,,
03-11-2020,9608,,
04-11-2020,4140,,
05-11-2020,2451,,
06-11-2020,6274,,
07-11-2020,3105,,
08-11-2020,7765,,
09-11-2020,7765,,
10-11-2020,9746,,
11-11-2020,6934,,
12-11-2020,6934,,
13-11-2020,6377,,
14-11-2020,3730,,
15-11-2020,3730,,
16-11-2020,2199,,
17-11-2020,1501,,
18-11-2020,4262,,
19-11-2020,2671,,
20-11-2020,8772,,
21-11-2020,5423,,
22-11-2020,7152,,
23-11-2020,3941,,
24-11-2020,3423,,
25-11-2020,7562,,
26-11-2020,0389,,
27-11-2020,9378,,
28-11-2020,2201,,
29-11-2020,8671,,
30-11-2020,0168,,
01-12-2020,9550,,
02-12-2020,7969,,
03-12-2020,1867,,
04-12-2020,5111,,
05-12-2020,7561,,
06-12-2020,3926,,
07-12-2020,7707,,
08-12-2020,3344,,
09-12-2020,9403,,
10-12-2020,2246,,
11-12-2020,7230,,
12-12-2020,7862,,
13-12-2020,5739,,
14-12-2020,0357,,
15-12-2020,0267,,
16-12-2020,8237,,
17-12-2020,7154,,
18-12-2020,5671,,
19-12-2020,2832,,
20-12-2020,9127,,
21-12-2020,8911,,
22-12-2020,2516,,
23-12-2020,1721,,
24-12-2020,7375,,
25-12-2020,6601,,
26-12-2020,2333,,
27-12-2020,8169,,
28-12-2020,6662,,
29-12-2020,0287,,
30-12-2020,0444,,
31-12-2020,5002,,
31-12-2021,9709,,
30-12-2021,8999,,
29-12-2021,4336,,
28-12-2021,7959,,
27-12-2021,1340,,
26-12-2021,8877,,
25-12-2021,2628,,
24-12-2021,4018,,
23-12-2021,6215,,
22-12-2021,6547,,
21-12-2021,8571,,
20-12-2021,7940,,
19-12-2021,0602,,
18-12-2021,1414,,
17-12-2021,7487,,
16-12-2021,5976,,
15-12-2021,8778,,
14-12-2021,2305,,
13-12-2021,0125,,
12-12-2021,8666,,
11-12-2021,8875,,
10-12-2021,0673,,
09-12-2021,3895,,
08-12-2021,4553,,
07-12-2021,4794,,
06-12-2021,2812,,
05-12-2021,2981,,
04-12-2021,2221,,
03-12-2021,5299,,
02-12-2021,4946,,
01-12-2021,0829,,
30-11-2021,6981,,
29-11-2021,0372,,
28-11-2021,0324,,
27-11-2021,2673,,
26-11-2021,7063,,
25-11-2021,4321,,
24-11-2021,6110,,
23-11-2021,9118,,
22-11-2021,2507,,
21-11-2021,7962,,
20-11-2021,9606,,
19-11-2021,8704,,
18-11-2021,8462,,
17-11-2021,7782,,
16-11-2021,2958,,
15-11-2021,0350,,
14-11-2021,4441,,
13-11-2021,2376,,
12-11-2021,3216,,
11-11-2021,9799,,
10-11-2021,3652,,
09-11-2021,4050,,
08-11-2021,2265,,
07-11-2021,4062,,
06-11-2021,0940,,
05-11-2021,0101,,
04-11-2021,3488,,
03-11-2021,0873,,
02-11-2021,5454,,
01-11-2021,5452,,
31-10-2021,9514,,
30-10-2021,7503,,
29-10-2021,3291,,
28-10-2021,4391,,
27-10-2021,4615,,
26-10-2021,1068,,
25-10-2021,3687,,
24-10-2021,5745,,
23-10-2021,8274,,
22-10-2021,9589,,
21-10-2021,8163,,
20-10-2021,1442,,
19-10-2021,4340,,
18-10-2021,5775,,
17-10-2021,8997,,
16-10-2021,8418,,
15-10-2021,8495,,
14-10-2021,1434,,
13-10-2021,4710,,
12-10-2021,1434,,
11-10-2021,3488,,
10-10-2021,3301,,
09-10-2021,0587,,
08-10-2021,2175,,
07-10-2021,2157,,
06-10-2021,7553,,
05-10-2021,4396,,
04-10-2021,1725,,
03-10-2021,5018,,
02-10-2021,3881,,
01-10-2021,1094,,
30-09-2021,4235,,
29-09-2021,8815,,
28-09-2021,3373,,
27-09-2021,6617,,
26-09-2021,5368,,
25-09-2021,0649,,
24-09-2021,3277,,
23-09-2021,9143,,
22-09-2021,3091,,
21-09-2021,0702,,
20-09-2021,3493,,
19-09-2021,6229,,
18-09-2021,7361,,
17-09-2021,8854,,
16-09-2021,0693,,
15-09-2021,0022,,
14-09-2021,3849,,
13-09-2021,7140,,
12-09-2021,9079,,
11-09-2021,8999,,
10-09-2021,9833,,
09-09-2021,9126,,
08-09-2021,7320,,
07-09-2021,3754,,
06-09-2021,8015,,
05-09-2021,3099,,
04-09-2021,7401,,
03-09-2021,3954,,
02-09-2021,3573,,
01-09-2021,1876,,
31-08-2021,3105,,
30-08-2021,2456,,
29-08-2021,9940,,
28-08-2021,3159,,
27-08-2021,1261,,
26-08-2021,0102,,
25-08-2021,6107,,
24-08-2021,2509,,
23-08-2021,7856,,
22-08-2021,2314,,
21-08-2021,4596,,
20-08-2021,3753,,
19-08-2021,2733,,
18-08-2021,1399,,
17-08-2021,9853,,
16-08-2021,9760,,
15-08-2021,6502,,
14-08-2021,7717,,
13-08-2021,8500,,
12-08-2021,1554,,
11-08-2021,5556,,
10-08-2021,1003,,
09-08-2021,0568,,
08-08-2021,4573,,
07-08-2021,7058,,
06-08-2021,1440,,
05-08-2021,5596,,
04-08-2021,1772,,
03-08-2021,2485,,
02-08-2021,8723,,
01-08-2021,1270,,
31-07-2021,4323,,
30-07-2021,2960,,
29-07-2021,4841,,
28-07-2021,1292,,
27-07-2021,0306,,
26-07-2021,8643,,
25-07-2021,5331,,
24-07-2021,5119,,
23-07-2021,0072,,
22-07-2021,2613,,
21-07-2021,1958,,
20-07-2021,9924,,
19-07-2021,4934,,
18-07-2021,4542,,
17-07-2021,2155,,
16-07-2021,5557,,
15-07-2021,3793,,
14-07-2021,8843,,
13-07-2021,8096,,
12-07-2021,7378,,
11-07-2021,1706,,
10-07-2021,2910,,
09-07-2021,4776,,
08-07-2021,1056,,
07-07-2021,2961,,
06-07-2021,9194,,
05-07-2021,5112,,
04-07-2021,3509,,
03-07-2021,1139,,
02-07-2021,5120,,
01-07-2021,9210,,
30-06-2021,9330,,
29-06-2021,1845,,
28-06-2021,1712,,
27-06-2021,6975,,
26-06-2021,0454,,
25-06-2021,1947,,
24-06-2021,7804,,
23-06-2021,0535,,
22-06-2021,5689,,
21-06-2021,7572,,
20-06-2021,3621,,
19-06-2021,4363,,
18-06-2021,6438,,
17-06-2021,0344,,
16-06-2021,4760,,
15-06-2021,1116,,
14-06-2021,6310,,
13-06-2021,4898,,
12-06-2021,7067,,
11-06-2021,4019,,
10-06-2021,2769,,
09-06-2021,4370,,
08-06-2021,3451,,
07-06-2021,3910,,
06-06-2021,2950,,
05-06-2021,4841,,
04-06-2021,9610,,
03-06-2021,2092,,
02-06-2021,6818,,
01-06-2021,7455,,
31-05-2021,1204,,
30-05-2021,9446,,
29-05-2021,6469,,
28-05-2021,6811,,
27-05-2021,0337,,
26-05-2021,6659,,
25-05-2021,2397,,
24-05-2021,2088,,
23-05-2021,2052,,
22-05-2021,1455,,
21-05-2021,7271,,
20-05-2021,0846,,
19-05-2021,0433,,
18-05-2021,7997,,
17-05-2021,7763,,
16-05-2021,2753,,
15-05-2021,2344,,
14-05-2021,8310,,
13-05-2021,3750,,
12-05-2021,7174,,
11-05-2021,1527,,
10-05-2021,3012,,
09-05-2021,9568,,
08-05-2021,5280,,
07-05-2021,6409,,
06-05-2021,5981,,
05-05-2021,9411,,
04-05-2021,5374,,
03-05-2021,7512,,
02-05-2021,8544,,
01-05-2021,5511,,
30-04-2021,4612,,
29-04-2021,2357,,
28-04-2021,6424,,
27-04-2021,9325,,
26-04-2021,4613,,
25-04-2021,8966,,
24-04-2021,9741,,
23-04-2021,0302,,
22-04-2021,5243,,
21-04-2021,7978,,
20-04-2021,3154,,
19-04-2021,5922,,
18-04-2021,9666,,
17-04-2021,7570,,
16-04-2021,6290,,
15-04-2021,8049,,
14-04-2021,8059,,
13-04-2021,8223,,
12-04-2021,3232,,
11-04-2021,8231,,
10-04-2021,8851,,
09-04-2021,1151,,
08-04-2021,5594,,
07-04-2021,2032,,
06-04-2021,7730,,
05-04-2021,9906,,
04-04-2021,4485,,
03-04-2021,4602,,
02-04-2021,3716,,
01-04-2021,5093,,
31-03-2021,2042,,
30-03-2021,2446,,
29-03-2021,9813,,
28-03-2021,0873,,
27-03-2021,8664,,
26-03-2021,9131,,
25-03-2021,5940,,
24-03-2021,6607,,
23-03-2021,4437,,
22-03-2021,9656,,
21-03-2021,4852,,
20-03-2021,8224,,
19-03-2021,1114,,
18-03-2021,6957,,
17-03-2021,5852,,
16-03-2021,6080,,
15-03-2021,1262,,
14-03-2021,1824,,
13-03-2021,3847,,
12-03-2021,2860,,
11-03-2021,7295,,
10-03-2021,1449,,
09-03-2021,8807,,
08-03-2021,9450,,
07-03-2021,9791,,
06-03-2021,2597,,
05-03-2021,7390,,
04-03-2021,4053,,
03-03-2021,5506,,
02-03-2021,9570,,
01-03-2021,9708,,
28-02-2021,7271,,
27-02-2021,4909,,
26-02-2021,1329,,
25-02-2021,1375,,
24-02-2021,0789,,
23-02-2021,1751,,
22-02-2021,7250,,
21-02-2021,9547,,
20-02-2021,6871,,
19-02-2021,0079,,
18-02-2021,3537,,
17-02-2021,4800,,
16-02-2021,9308,,
15-02-2021,5634,,
14-02-2021,2165,,
13-02-2021,6677,,
12-02-2021,9131,,
11-02-2021,2045,,
10-02-2021,2299,,
09-02-2021,6471,,
08-02-2021,8304,,
07-02-2021,9810,,
06-02-2021,5899,,
05-02-2021,6596,,
04-02-2021,8389,,
03-02-2021,0103,,
02-02-2021,6918,,
01-02-2021,1011,,
31-01-2021,0403,,
30-01-2021,2137,,
29-01-2021,7838,,
28-01-2021,6681,,
27-01-2021,7311,,
26-01-2021,3104,,
25-01-2021,2493,,
24-01-2021,1185,,
23-01-2021,7510,,
22-01-2021,7060,,
21-01-2021,1475,,
20-01-2021,3310,,
19-01-2021,5731,,
18-01-2021,8924,,
17-01-2021,2530,,
16-01-2021,2754,,
15-01-2021,5883,,
14-01-2021,2511,,
13-01-2021,2749,,
12-01-2021,1648,,
11-01-2021,4320,,
10-01-2021,6607,,
09-01-2021,7436,,
08-01-2021,2681,,
07-01-2021,0511,,
06-01-2021,6389,,
05-01-2021,2865,,
04-01-2021,3421,,
03-01-2021,1514,,
02-01-2021,8276,,
01-01-2021,6276,,
31-12-2022,3898,,
01-01-2022,0378,,
02-01-2022,7784,,
03-01-2022,4204,,
04-01-2022,0088,,
05-01-2022,6059,,
06-01-2022,7800,,
07-01-2022,4533,,
08-01-2022,7411,,
09-01-2022,4058,,
10-01-2022,9197,,
11-01-2022,1881,,
12-01-2022,9488,,
13-01-2022,5654,,
14-01-2022,8534,,
15-01-2022,6415,,
16-01-2022,7108,,
17-01-2022,8882,,
18-01-2022,4827,,
19-01-2022,9382,,
20-01-2022,8463,,
21-01-2022,6093,,
22-01-2022,0107,,
23-01-2022,5439,,
24-01-2022,9422,,
25-01-2022,2033,,
26-01-2022,3120,,
27-01-2022,9377,,
28-01-2022,6979,,
29-01-2022,7966,,
30-01-2022,3201,,
31-01-2022,2644,,
01-02-2022,9631,,
02-02-2022,0120,,
03-02-2022,3338,,
04-02-2022,2219,,
05-02-2022,6390,,
06-02-2022,5433,,
07-02-2022,4467,,
08-02-2022,5543,,
09-02-2022,7577,,
10-02-2022,7510,,
11-02-2022,1239,,
12-02-2022,5376,,
13-02-2022,7757,,
14-02-2022,6436,,
15-02-2022,1148,,
16-02-2022,6636,,
17-02-2022,1905,,
18-02-2022,9993,,
19-02-2022,5305,,
20-02-2022,3333,,
21-02-2022,0173,,
22-02-2022,5120,,
23-02-2022,5941,,
24-02-2022,2827,,
25-02-2022,4343,,
26-02-2022,4036,,
27-02-2022,1043,,
28-02-2022,5112,,
01-03-2022,5563,,
02-03-2022,8860,,
03-03-2022,5627,,
04-03-2022,3435,,
05-03-2022,4048,,
06-03-2022,3678,,
07-03-2022,6587,,
08-03-2022,3077,,
09-03-2022,5010,,
10-03-2022,0616,,
11-03-2022,8560,,
12-03-2022,6144,,
13-03-2022,4374,,
14-03-2022,1109,,
15-03-2022,3189,,
16-03-2022,7166,,
17-03-2022,1452,,
18-03-2022,7941,,
19-03-2022,2909,,
20-03-2022,9738,,
21-03-2022,5429,,
22-03-2022,5564,,
23-03-2022,8909,,
24-03-2022,5563,,
25-03-2022,6228,,
26-03-2022,3971,,
27-03-2022,3484,,
28-03-2022,5955,,
29-03-2022,9959,,
30-03-2022,7826,,
31-03-2022,0869,,
01-04-2022,8581,,
02-04-2022,2827,,
03-04-2022,9958,,
04-04-2022,3562,,
05-04-2022,0195,,
06-04-2022,7052,,
07-04-2022,7727,,
08-04-2022,7748,,
09-04-2022,8308,,
10-04-2022,2067,,
11-04-2022,7614,,
12-04-2022,9155,,
13-04-2022,6513,,
14-04-2022,2812,,
15-04-2022,1438,,
16-04-2022,3883,,
17-04-2022,1660,,
18-04-2022,5431,,
19-04-2022,6708,,
20-04-2022,2373,,
21-04-2022,9863,,
22-04-2022,7797,,
23-04-2022,9536,,
24-04-2022,8540,,
25-04-2022,7417,,
26-04-2022,8595,,
27-04-2022,5189,,
28-04-2022,4863,,
29-04-2022,4117,,
30-04-2022,2631,,
01-05-2022,5200,,
02-05-2022,2225,,
03-05-2022,0856,,
04-05-2022,8174,,
05-05-2022,5404,,
06-05-2022,7151,,
07-05-2022,6359,,
08-05-2022,1879,,
09-05-2022,8243,,
10-05-2022,2927,,
11-05-2022,2840,,
12-05-2022,3370,,
13-05-2022,8715,,
14-05-2022,7635,,
15-05-2022,0288,,
16-05-2022,3585,,
17-05-2022,5407,,
18-05-2022,1487,,
19-05-2022,3331,,
20-05-2022,5263,,
21-05-2022,6733,,
22-05-2022,9534,,
23-05-2022,7617,,
24-05-2022,1545,,
25-05-2022,8663,,
26-05-2022,2409,,
27-05-2022,7583,,
28-05-2022,6243,,
29-05-2022,1252,,
30-05-2022,7438,,
31-05-2022,5000,,
01-06-2022,0708,,
02-06-2022,0684,,
03-06-2022,5945,,
04-06-2022,9407,,
05-06-2022,6008,,
06-06-2022,8144,,
07-06-2022,6525,,
08-06-2022,0559,,
09-06-2022,6515,,
10-06-2022,6175,,
11-06-2022,2250,,
12-06-2022,1623,,
13-06-2022,5752,,
14-06-2022,4709,,
15-06-2022,4954,,
16-06-2022,6616,,
17-06-2022,8828,,
18-06-2022,2502,,
19-06-2022,9828,,
20-06-2022,8268,,
21-06-2022,5154,,
22-06-2022,1909,,
23-06-2022,2340,,
24-06-2022,0043,,
25-06-2022,9820,,
26-06-2022,6719,,
27-06-2022,4211,,
28-06-2022,8850,,
29-06-2022,9970,,
30-06-2022,9104,,
01-07-2022,2226,,
02-07-2022,5396,,
03-07-2022,1906,,
04-07-2022,0892,,
05-07-2022,2965,,
06-07-2022,0533,,
07-07-2022,3818,,
08-07-2022,5836,,
09-07-2022,9568,,
10-07-2022,8371,,
11-07-2022,8264,,
12-07-2022,9772,,
13-07-2022,3868,,
14-07-2022,6016,,
15-07-2022,6969,,
16-07-2022,6268,,
17-07-2022,4144,,
18-07-2022,8418,,
19-07-2022,0354,,
20-07-2022,2876,,
21-07-2022,1505,,
22-07-2022,3966,,
23-07-2022,3933,,
24-07-2022,8280,,
25-07-2022,7591,,
26-07-2022,4748,,
27-07-2022,5638,,
28-07-2022,9991,,
29-07-2022,3636,,
30-07-2022,3030,,
31-07-2022,2605,,
01-08-2022,5013,,
02-08-2022,2856,,
03-08-2022,9550,,
04-08-2022,1950,,
05-08-2022,1321,,
06-08-2022,5587,,
07-08-2022,0935,,
08-08-2022,1951,,
09-08-2022,4601,,
10-08-2022,9405,,
11-08-2022,2229,,
12-08-2022,3197,,
13-08-2022,4603,,
14-08-2022,0530,,
15-08-2022,3433,,
16-08-2022,4155,,
17-08-2022,0277,,
18-08-2022,8137,,
19-08-2022,2569,,
20-08-2022,5264,,
21-08-2022,3431,,
22-08-2022,8805,,
23-08-2022,0317,,
24-08-2022,9276,,
25-08-2022,6086,,
26-08-2022,0513,,
27-08-2022,3678,,
28-08-2022,9641,,
29-08-2022,1078,,
30-08-2022,9963,,
31-08-2022,4213,,
01-09-2022,1337,,
02-09-2022,2801,,
03-09-2022,8776,,
04-09-2022,3442,,
05-09-2022,1516,,
06-09-2022,6163,,
07-09-2022,2207,,
08-09-2022,5871,,
09-09-2022,8807,,
10-09-2022,6936,,
11-09-2022,7628,,
12-09-2022,5706,,
13-09-2022,7512,,
14-09-2022,5997,,
15-09-2022,8091,,
16-09-2022,6205,,
17-09-2022,1326,,
18-09-2022,8260,,
19-09-2022,8477,,
20-09-2022,0766,,
21-09-2022,7420,,
22-09-2022,8550,,
23-09-2022,8967,,
24-09-2022,7647,,
25-09-2022,0972,,
26-09-2022,4781,,
27-09-2022,7377,,
28-09-2022,0814,,
29-09-2022,4233,,
30-09-2022,3719,,
01-10-2022,1141,,
02-10-2022,2275,,
03-10-2022,9363,,
04-10-2022,6316,,
05-10-2022,2628,,
06-10-2022,7620,,
07-10-2022,6979,,
08-10-2022,8418,,
09-10-2022,6272,,
10-10-2022,8638,,
11-10-2022,3826,,
12-10-2022,9728,,
13-10-2022,2474,,
14-10-2022,7464,,
15-10-2022,3978,,
16-10-2022,3327,,
17-10-2022,7107,,
18-10-2022,6122,,
19-10-2022,8823,,
20-10-2022,9310,,
21-10-2022,0538,,
22-10-2022,1547,,
23-10-2022,2458,,
24-10-2022,4222,,
25-10-2022,0754,,
26-10-2022,7742,,
27-10-2022,5017,,
28-10-2022,6151,,
29-10-2022,8278,,
30-10-2022,5636,,
31-10-2022,4306,,
01-11-2022,5743,,
02-11-2022,7031,,
03-11-2022,7200,,
04-11-2022,4002,,
05-11-2022,7608,,
06-11-2022,6789,,
07-11-2022,5216,,
08-11-2022,3192,,
09-11-2022,9057,,
10-11-2022,5169,,
11-11-2022,9011,,
12-11-2022,1962,,
13-11-2022,8088,,
14-11-2022,9645,,
15-11-2022,8082,,
16-11-2022,1469,,
17-11-2022,3039,,
18-11-2022,0983,,
19-11-2022,3488,,
20-11-2022,4828,,
21-11-2022,7580,,
22-11-2022,8973,,
23-11-2022,7548,,
24-11-2022,7259,,
25-11-2022,2496,,
26-11-2022,5215,,
27-11-2022,6856,,
28-11-2022,0324,,
29-11-2022,1020,,
30-11-2022,9455,,
01-12-2022,3738,,
02-12-2022,2585,,
03-12-2022,4269,,
04-12-2022,6816,,
05-12-2022,0625,,
06-12-2022,7771,,
07-12-2022,2636,,
08-12-2022,5960,,
09-12-2022,0719,,
10-12-2022,2645,,
11-12-2022,3051,,
12-12-2022,9589,,
13-12-2022,8209,,
14-12-2022,5091,,
15-12-2022,5847,,
16-12-2022,1370,,
17-12-2022,4002,,
18-12-2022,2061,,
19-12-2022,3563,,
20-12-2022,2886,,
21-12-2022,7377,,
22-12-2022,3371,,
23-12-2022,1036,,
24-12-2022,8709,,
25-12-2022,0036,,
26-12-2022,5389,,
27-12-2022,6663,,
28-12-2022,2365,,
29-12-2022,4409,,
30-12-2022,2222,,
31-12-2023,2717,,
30-12-2023,2426,,
29-12-2023,4043,,
28-12-2023,0814,,
27-12-2023,9553,,
26-12-2023,7837,,
25-12-2023,7772,,
24-12-2023,5417,,
23-12-2023,8636,,
22-12-2023,6363,,
21-12-2023,2201,,
20-12-2023,6852,,
19-12-2023,0458,,
18-12-2023,0994,,
17-12-2023,3892,,
16-12-2023,4787,,
15-12-2023,7243,,
14-12-2023,8612,,
13-12-2023,6194,,
12-12-2023,9052,,
11-12-2023,9243,,
10-12-2023,1932,,
09-12-2023,5597,,
08-12-2023,5804,,
07-12-2023,3592,,
06-12-2023,1986,,
05-12-2023,4416,,
04-12-2023,1700,,
03-12-2023,6351,,
02-12-2023,4375,,
01-12-2023,9798,,
30-11-2023,4696,,
29-11-2023,0139,,
28-11-2023,8402,,
27-11-2023,3561,,
26-11-2023,9289,,
25-11-2023,2037,,
24-11-2023,2011,,
23-11-2023,8593,,
22-11-2023,7649,,
21-11-2023,1097,,
20-11-2023,1528,,
19-11-2023,4335,,
18-11-2023,1188,,
17-11-2023,4029,,
16-11-2023,7311,,
15-11-2023,2420,,
14-11-2023,8630,,
13-11-2023,8431,,
12-11-2023,3008,,
11-11-2023,9785,,
10-11-2023,0255,,
09-11-2023,9589,,
08-11-2023,9028,,
07-11-2023,9284,,
06-11-2023,2180,,
05-11-2023,7231,,
04-11-2023,8753,,
03-11-2023,0210,,
02-11-2023,7332,,
01-11-2023,3036,,
31-10-2023,6933,,
30-10-2023,4583,,
29-10-2023,9947,,
28-10-2023,4578,,
27-10-2023,7128,,
26-10-2023,4312,,
25-10-2023,8109,,
24-10-2023,3002,,
23-10-2023,9607,,
22-10-2023,7728,,
21-10-2023,5782,,
20-10-2023,3911,,
19-10-2023,9869,,
18-10-2023,0414,,
17-10-2023,8484,,
16-10-2023,0049,,
15-10-2023,7408,,
14-10-2023,9183,,
13-10-2023,5968,,
12-10-2023,5724,,
11-10-2023,4774,,
10-10-2023,6909,,
09-10-2023,2779,,
08-10-2023,9207,,
07-10-2023,3582,,
06-10-2023,9907,,
05-10-2023,8410,,
04-10-2023,4585,,
03-10-2023,1358,,
02-10-2023,7774,,
01-10-2023,4862,,
30-09-2023,1065,,
29-09-2023,1804,,
28-09-2023,5368,,
27-09-2023,9910,,
26-09-2023,4664,,
25-09-2023,7642,,
24-09-2023,1528,,
23-09-2023,2526,,
22-09-2023,3094,,
21-09-2023,3247,,
20-09-2023,5236,,
19-09-2023,1401,,
18-09-2023,1374,,
17-09-2023,0742,,
16-09-2023,9490,,
15-09-2023,1976,,
14-09-2023,7596,,
13-09-2023,6766,,
12-09-2023,6849,,
11-09-2023,4616,,
10-09-2023,3197,,
09-09-2023,9981,,
08-09-2023,8384,,
07-09-2023,2537,,
06-09-2023,1646,,
05-09-2023,2018,,
04-09-2023,4029,,
03-09-2023,9216,,
02-09-2023,0584,,
01-09-2023,9699,,
31-08-2023,7493,,
30-08-2023,7454,,
29-08-2023,8395,,
28-08-2023,4655,,
27-08-2023,2087,,
26-08-2023,7791,,
25-08-2023,0959,,
24-08-2023,5629,,
23-08-2023,5315,,
22-08-2023,7558,,
21-08-2023,9681,,
20-08-2023,4689,,
19-08-2023,2785,,
18-08-2023,7174,,
17-08-2023,2489,,
16-08-2023,3031,,
15-08-2023,7062,,
14-08-2023,0504,,
13-08-2023,8061,,
12-08-2023,3462,,
11-08-2023,5284,,
10-08-2023,6961,,
09-08-2023,2042,,
08-08-2023,1636,,
07-08-2023,9443,,
06-08-2023,8856,,
05-08-2023,3486,,
04-08-2023,7341,,
03-08-2023,1413,,
02-08-2023,5389,,
01-08-2023,5156,,
31-07-2023,9191,,
30-07-2023,9178,,
29-07-2023,2013,,
28-07-2023,4087,,
27-07-2023,2706,,
26-07-2023,0154,,
25-07-2023,9920,,
24-07-2023,0462,,
23-07-2023,7557,,
22-07-2023,5589,,
21-07-2023,9057,,
20-07-2023,0890,,
19-07-2023,9547,,
18-07-2023,0671,,
17-07-2023,6734,,
16-07-2023,5462,,
15-07-2023,1324,,
14-07-2023,9602,,
13-07-2023,8045,,
12-07-2023,6556,,
11-07-2023,9719,,
10-07-2023,0686,,
09-07-2023,7507,,
08-07-2023,0164,,
07-07-2023,1209,,
06-07-2023,8940,,
05-07-2023,6052,,
04-07-2023,4304,,
03-07-2023,8761,,
02-07-2023,2219,,
01-07-2023,4240,,
30-06-2023,3577,,
29-06-2023,1734,,
28-06-2023,0538,,
27-06-2023,4931,,
26-06-2023,2224,,
25-06-2023,2192,,
24-06-2023,3629,,
23-06-2023,5864,,
22-06-2023,9140,,
21-06-2023,4741,,
20-06-2023,3230,,
19-06-2023,0780,,
18-06-2023,0159,,
17-06-2023,1938,,
16-06-2023,1586,,
15-06-2023,0893,,
14-06-2023,9203,,
13-06-2023,9673,,
12-06-2023,3469,,
11-06-2023,9787,,
10-06-2023,3481,,
09-06-2023,9150,,
08-06-2023,9614,,
07-06-2023,2468,,
06-06-2023,0194,,
05-06-2023,8217,,
04-06-2023,4138,,
03-06-2023,0270,,
02-06-2023,4917,,
01-06-2023,6202,,
31-05-2023,9971,,
30-05-2023,4268,,
29-05-2023,3340,,
28-05-2023,5416,,
27-05-2023,8325,,
26-05-2023,3603,,
25-05-2023,4832,,
24-05-2023,2220,,
23-05-2023,6038,,
22-05-2023,8186,,
21-05-2023,4625,,
20-05-2023,5097,,
19-05-2023,4423,,
18-05-2023,5316,,
17-05-2023,2266,,
16-05-2023,1889,,
15-05-2023,3160,,
14-05-2023,6840,,
13-05-2023,1842,,
12-05-2023,8653,,
11-05-2023,1369,,
10-05-2023,9622,,
09-05-2023,0547,,
08-05-2023,4547,,
07-05-2023,5523,,
06-05-2023,4249,,
05-05-2023,2215,,
04-05-2023,9461,,
03-05-2023,1482,,
02-05-2023,8480,,
01-05-2023,2234,,
30-04-2023,4243,,
29-04-2023,9736,,
28-04-2023,0158,,
27-04-2023,3502,,
26-04-2023,9491,,
25-04-2023,6305,,
24-04-2023,8248,,
23-04-2023,8807,,
22-04-2023,5511,,
21-04-2023,4918,,
20-04-2023,0274,,
19-04-2023,1353,,
18-04-2023,2552,,
17-04-2023,7031,,
16-04-2023,6365,,
15-04-2023,0821,,
14-04-2023,5794,,
13-04-2023,4081,,
12-04-2023,1870,,
11-04-2023,9168,,
10-04-2023,2735,,
09-04-2023,7674,,
08-04-2023,2487,,
07-04-2023,0624,,
06-04-2023,2732,,
05-04-2023,4390,,
04-04-2023,7561,,
03-04-2023,5114,,
02-04-2023,0965,,
01-04-2023,5120,,
31-03-2023,1899,,
30-03-2023,1627,,
29-03-2023,2155,,
28-03-2023,3246,,
27-03-2023,8501,,
26-03-2023,8985,,
25-03-2023,5515,,
24-03-2023,8871,,
23-03-2023,1057,,
22-03-2023,6542,,
21-03-2023,0331,,
20-03-2023,7962,,
19-03-2023,1712,,
18-03-2023,0594,,
17-03-2023,5241,,
16-03-2023,8501,,
15-03-2023,6426,,
14-03-2023,8959,,
13-03-2023,2725,,
12-03-2023,7241,,
11-03-2023,7306,,
10-03-2023,8254,,
09-03-2023,5076,,
08-03-2023,7951,,
07-03-2023,5296,,
06-03-2023,2965,,
05-03-2023,4794,,
04-03-2023,8865,,
03-03-2023,4207,,
02-03-2023,6500,,
01-03-2023,2401,,
28-02-2023,4461,,
27-02-2023,8879,,
26-02-2023,0294,,
25-02-2023,3014,,
24-02-2023,9439,,
23-02-2023,0048,,
22-02-2023,6326,,
21-02-2023,7976,,
20-02-2023,0295,,
19-02-2023,6421,,
18-02-2023,1864,,
17-02-2023,6338,,
16-02-2023,9719,,
15-02-2023,8368,,
14-02-2023,8574,,
13-02-2023,7213,,
12-02-2023,9690,,
11-02-2023,4589,,
10-02-2023,6152,,
09-02-2023,4495,,
08-02-2023,8047,,
07-02-2023,0187,,
06-02-2023,9674,,
05-02-2023,5859,,
04-02-2023,1855,,
03-02-2023,8598,,
02-02-2023,9819,,
01-02-2023,8226,,
31-01-2023,4763,,
30-01-2023,6995,,
29-01-2023,5148,,
28-01-2023,5887,,
27-01-2023,9879,,
26-01-2023,5856,,
25-01-2023,2338,,
24-01-2023,9768,,
23-01-2023,3171,,
22-01-2023,8220,,
21-01-2023,7163,,
20-01-2023,3879,,
19-01-2023,6514,,
18-01-2023,2938,,
17-01-2023,0580,,
16-01-2023,1494,,
15-01-2023,3170,,
14-01-2023,9418,,
13-01-2023,9987,,
12-01-2023,9051,,
11-01-2023,0353,,
10-01-2023,8810,,
09-01-2023,3994,,
08-01-2023,8613,,
07-01-2023,0060,,
06-01-2023,1087,,
05-01-2023,8955,,
04-01-2023,7710,,
03-01-2023,6048,,
02-01-2023,1630,,
01-01-2023,4294,,
31-12-2024,7154,,
30-12-2024,1973,,
29-12-2024,5995,,
28-12-2024,4200,,
27-12-2024,1725,,
26-12-2024,2466,,
25-12-2024,5601,,
24-12-2024,6791,,
23-12-2024,1278,,
22-12-2024,3116,,
21-12-2024,4336,,
20-12-2024,5479,,
19-12-2024,2172,,
18-12-2024,3745,,
17-12-2024,5464,,
16-12-2024,2296,,
15-12-2024,9165,,
14-12-2024,7919,,
13-12-2024,7654,,
12-12-2024,7973,,
11-12-2024,3732,,
10-12-2024,8813,,
09-12-2024,2919,,
08-12-2024,2513,,
07-12-2024,1330,,
06-12-2024,6312,,
05-12-2024,7637,,
04-12-2024,3434,,
03-12-2024,9968,,
02-12-2024,3688,,
01-12-2024,5389,,
30-11-2024,0067,,
29-11-2024,2321,,
28-11-2024,6801,,
27-11-2024,8073,,
26-11-2024,7458,,
25-11-2024,4389,,
24-11-2024,5627,,
23-11-2024,2364,,
22-11-2024,4532,,
21-11-2024,1508,,
20-11-2024,1564,,
19-11-2024,6800,,
18-11-2024,3531,,
17-11-2024,0054,,
16-11-2024,1086,,
15-11-2024,9233,,
14-11-2024,2462,,
13-11-2024,6220,,
12-11-2024,6482,,
11-11-2024,7154,,
10-11-2024,3859,,
09-11-2024,6439,,
08-11-2024,3988,,
07-11-2024,3852,,
06-11-2024,6152,,
05-11-2024,6866,,
04-11-2024,1732,,
03-11-2024,3040,,
02-11-2024,0080,,
01-11-2024,5196,,
31-10-2024,3911,,
30-10-2024,8626,,
29-10-2024,3353,,
28-10-2024,9486,,
27-10-2024,2024,,
26-10-2024,2713,,
25-10-2024,2752,,
24-10-2024,7671,,
23-10-2024,5223,,
22-10-2024,9001,,
21-10-2024,5398,,
20-10-2024,7180,,
19-10-2024,1087,,
18-10-2024,6593,,
17-10-2024,5108,,
16-10-2024,9990,,
15-10-2024,3312,,
14-10-2024,0504,,
13-10-2024,3499,,
12-10-2024,9800,,
11-10-2024,8539,,
10-10-2024,7817,,
09-10-2024,9801,,
08-10-2024,6373,,
07-10-2024,0577,,
06-10-2024,5744,,
05-10-2024,5219,,
04-10-2024,0231,,
03-10-2024,1037,,
02-10-2024,8809,,
01-10-2024,4437,,
30-09-2024,9081,,
29-09-2024,7172,,
28-09-2024,7977,,
27-09-2024,1574,,
26-09-2024,5228,,
25-09-2024,2843,,
24-09-2024,6947,,
23-09-2024,2714,,
22-09-2024,5116,,
21-09-2024,3468,,
20-09-2024,5184,,
19-09-2024,9222,,
18-09-2024,9589,,
17-09-2024,8825,,
16-09-2024,0649,,
15-09-2024,9183,,
14-09-2024,5666,,
13-09-2024,3668,,
12-09-2024,1270,,
11-09-2024,2384,,
10-09-2024,8573,,
09-09-2024,1137,,
08-09-2024,9769,,
07-09-2024,0154,,
06-09-2024,7626,,
05-09-2024,7729,,
04-09-2024,3973,,
03-09-2024,4970,,
02-09-2024,0882,,
01-09-2024,4336,,
31-08-2024,7030,,
30-08-2024,7355,,
29-08-2024,5507,,
28-08-2024,6375,,
27-08-2024,4909,,
26-08-2024,1029,,
25-08-2024,6149,,
24-08-2024,1157,,
23-08-2024,2778,,
22-08-2024,4869,,
21-08-2024,8696,,
20-08-2024,2065,,
19-08-2024,3000,,
18-08-2024,6965,,
17-08-2024,7064,,
16-08-2024,2883,,
15-08-2024,2907,,
14-08-2024,1907,,
13-08-2024,9740,,
12-08-2024,6398,,
11-08-2024,9639,,
10-08-2024,6507,,
09-08-2024,9054,,
08-08-2024,6025,,
07-08-2024,1358,,
06-08-2024,3406,,
05-08-2024,8695,,
04-08-2024,8674,,
03-08-2024,8505,,
02-08-2024,1193,,
01-08-2024,2851,,
31-07-2024,9670,,
30-07-2024,1143,,
29-07-2024,0865,,
28-07-2024,0013,,
27-07-2024,3016,,
26-07-2024,5783,,
25-07-2024,2055,,
24-07-2024,9781,,
23-07-2024,0438,,
22-07-2024,1559,,
21-07-2024,3221,,
20-07-2024,8418,,
19-07-2024,0075,,
18-07-2024,9763,,
17-07-2024,2275,,
16-07-2024,5057,,
15-07-2024,1412,,
14-07-2024,2344,,
13-07-2024,9226,,
12-07-2024,4056,,
11-07-2024,0140,,
10-07-2024,6056,,
09-07-2024,3534,,
08-07-2024,4003,,
07-07-2024,2078,,
06-07-2024,9243,,
05-07-2024,5224,,
04-07-2024,4237,,
03-07-2024,9891,,
02-07-2024,1771,,
01-07-2024,3890,,
30-06-2024,6529,,
29-06-2024,5525,,
28-06-2024,6013,,
27-06-2024,4231,,
26-06-2024,2202,,
25-06-2024,7020,,
24-06-2024,8713,,
23-06-2024,7137,,
22-06-2024,6471,,
21-06-2024,0700,,
20-06-2024,0525,,
19-06-2024,8437,,
18-06-2024,4744,,
17-06-2024,1305,,
16-06-2024,2911,,
15-06-2024,5592,,
14-06-2024,9379,,
13-06-2024,4596,,
12-06-2024,1540,,
11-06-2024,0294,,
10-06-2024,6544,,
09-06-2024,7800,,
08-06-2024,9197,,
07-06-2024,5359,,
06-06-2024,2243,,
05-06-2024,6497,,
04-06-2024,3780,,
03-06-2024,5010,,
02-06-2024,4803,,
01-06-2024,1456,,
31-05-2024,0653,,
30-05-2024,5476,,
29-05-2024,3473,,
28-05-2024,0371,,
27-05-2024,0955,,
26-05-2024,1993,,
25-05-2024,8818,,
24-05-2024,3407,,
23-05-2024,6267,,
22-05-2024,4992,,
21-05-2024,1169,,
20-05-2024,5221,,
19-05-2024,8840,,
18-05-2024,4134,,
17-05-2024,2832,,
16-05-2024,4058,,
15-05-2024,2811,,
14-05-2024,5979,,
13-05-2024,0158,,
12-05-2024,4724,,
11-05-2024,8309,,
10-05-2024,1167,,
09-05-2024,3559,,
08-05-2024,7052,,
07-05-2024,1373,,
06-05-2024,1523,,
05-05-2024,7027,,
04-05-2024,9283,,
03-05-2024,9331,,
02-05-2024,7692,,
01-05-2024,9194,,
30-04-2024,8376,,
29-04-2024,9639,,
28-04-2024,6167,,
27-04-2024,7282,,
26-04-2024,1264,,
25-04-2024,9383,,
24-04-2024,2887,,
23-04-2024,5085,,
22-04-2024,0933,,
21-04-2024,4585,,
20-04-2024,8665,,
19-04-2024,6808,,
18-04-2024,5743,,
17-04-2024,1251,,
16-04-2024,1700,,
15-04-2024,0768,,
14-04-2024,8452,,
13-04-2024,0178,,
12-04-2024,4799,,
11-04-2024,3497,,
10-04-2024,0087,,
09-04-2024,9279,,
08-04-2024,5173,,
07-04-2024,6649,,
06-04-2024,4025,,
05-04-2024,6849,,
04-04-2024,4940,,
03-04-2024,1267,,
02-04-2024,3190,,
01-04-2024,6070,,
31-03-2024,3617,,
30-03-2024,8276,,
29-03-2024,0038,,
28-03-2024,9545,,
27-03-2024,2236,,
26-03-2024,4632,,
25-03-2024,4695,,
24-03-2024,9133,,
23-03-2024,2043,,
22-03-2024,3880,,
21-03-2024,5952,,
20-03-2024,3411,,
19-03-2024,4033,,
18-03-2024,5577,,
17-03-2024,6575,,
16-03-2024,0912,,
15-03-2024,1155,,
14-03-2024,6195,,
13-03-2024,9638,,
12-03-2024,7942,,
11-03-2024,7692,,
10-03-2024,8954,,
09-03-2024,9469,,
08-03-2024,3895,,
07-03-2024,4392,,
06-03-2024,2461,,
05-03-2024,2491,,
04-03-2024,4991,,
03-03-2024,6092,,
02-03-2024,0148,,
01-03-2024,9994,,
29-02-2024,4002,,
28-02-2024,4370,,
27-02-2024,2633,,
26-02-2024,8899,,
25-02-2024,2378,,
24-02-2024,6608,,
23-02-2024,0249,,
22-02-2024,1287,,
21-02-2024,5587,,
20-02-2024,7678,,
19-02-2024,2947,,
18-02-2024,4530,,
17-02-2024,3880,,
16-02-2024,2475,,
15-02-2024,8733,,
14-02-2024,9937,,
13-02-2024,1845,,
12-02-2024,2953,,
11-02-2024,2818,,
10-02-2024,9491,,
09-02-2024,9749,,
08-02-2024,5808,,
07-02-2024,1554,,
06-02-2024,0071,,
05-02-2024,1928,,
04-02-2024,3964,,
03-02-2024,2845,,
02-02-2024,2852,,
01-02-2024,0267,,
31-01-2024,8571,,
30-01-2024,5185,,
29-01-2024,2991,,
28-01-2024,7742,,
27-01-2024,6274,,
26-01-2024,6149,,
25-01-2024,5261,,
24-01-2024,8083,,
23-01-2024,3864,,
22-01-2024,6307,,
21-01-2024,4428,,
20-01-2024,9156,,
19-01-2024,4338,,
18-01-2024,6651,,
17-01-2024,0356,,
16-01-2024,4824,,
15-01-2024,9750,,
14-01-2024,3766,,
13-01-2024,0373,,
12-01-2024,7498,,
11-01-2024,3829,,
10-01-2024,1369,,
09-01-2024,4005,,
08-01-2024,6373,,
07-01-2024,2197,,
06-01-2024,3883,,
05-01-2024,1983,,
04-01-2024,9855,,
03-01-2024,8913,,
02-01-2024,7127,,
01-01-2024,4330,,
31-12-2025,2768,,
30-12-2025,5644,,
29-12-2025,0388,,
28-12-2025,8805,,
27-12-2025,1322,,
26-12-2025,6172,,
25-12-2025,2021,,
24-12-2025,5622,,
23-12-2025,7800,,
22-12-2025,5252,,
21-12-2025,9613,,
20-12-2025,6800,,
19-12-2025,7019,,
18-12-2025,8565,,
17-12-2025,4563,,
16-12-2025,8726,,
15-12-2025,2934,,
14-12-2025,7354,,
13-12-2025,1186,,
12-12-2025,7022,,
11-12-2025,3980,,
10-12-2025,7950,,
09-12-2025,3165,,
08-12-2025,1412,,
07-12-2025,5412,,
06-12-2025,6700,,
05-12-2025,0976,,
04-12-2025,7800,,
03-12-2025,6722,,
02-12-2025,4926,,
01-12-2025,4725,,
30-11-2025,5923,,
29-11-2025,3655,,
28-11-2025,9885,,
27-11-2025,3058,,
26-11-2025,6718,,
25-11-2025,3920,,
24-11-2025,3225,,
23-11-2025,6709,,
22-11-2025,4373,,
21-11-2025,5908,,
20-11-2025,3126,,
19-11-2025,2958,,
18-11-2025,5193,,
17-11-2025,3363,,
16-11-2025,5299,,
15-11-2025,1228,,
14-11-2025,8088,,
13-11-2025,5400,,
12-11-2025,5707,,
11-11-2025,4036,,
10-11-2025,8776,,
09-11-2025,9819,,
08-11-2025,6190,,
07-11-2025,1549,,
06-11-2025,4043,,
05-11-2025,2365,,
04-11-2025,1669,,
03-11-2025,4987,,
02-11-2025,1979,,
01-11-2025,8836,,
31-10-2025,2189,,
30-10-2025,3722,,
29-10-2025,2624,,
28-10-2025,8162,,
27-10-2025,3965,,
26-10-2025,1115,,
25-10-2025,8130,,
24-10-2025,0417,,
23-10-2025,2597,,
22-10-2025,2001,,
21-10-2025,7015,,
20-10-2025,8178,,
19-10-2025,0757,,
18-10-2025,1697,,
17-10-2025,0262,,
16-10-2025,7964,,
15-10-2025,5976,,
14-10-2025,6728,,
13-10-2025,5945,,
12-10-2025,5926,,
11-10-2025,1090,,
10-10-2025,4504,,
09-10-2025,8532,,
08-10-2025,3348,,
07-10-2025,0635,,
06-10-2025,4329,,
05-10-2025,1306,,
04-10-2025,6603,,
03-10-2025,9269,,
02-10-2025,0883,,
01-10-2025,7486,,
30-09-2025,6287,,
29-09-2025,1563,,
28-09-2025,0954,,
27-09-2025,0503,,
26-09-2025,1175,,
25-09-2025,8061,,
24-09-2025,9910,,
23-09-2025,8988,,
22-09-2025,7987,,
21-09-2025,5200,,
20-09-2025,0869,,
19-09-2025,7736,,
18-09-2025,1014,,
17-09-2025,0968,,
16-09-2025,9823,,
15-09-2025,8351,,
14-09-2025,9227,,
13-09-2025,5086,,
12-09-2025,3299,,
11-09-2025,5304,,
10-09-2025,7660,,
09-09-2025,8549,,
08-09-2025,6268,,
07-09-2025,1268,,
06-09-2025,2936,,
05-09-2025,3653,,
04-09-2025,7813,,
03-09-2025,3868,,
02-09-2025,3653,,
01-09-2025,2788,,
31-08-2025,4316,,
30-08-2025,1738,,
29-08-2025,8585,,
28-08-2025,5690,,
27-08-2025,4930,,
26-08-2025,2638,,
25-08-2025,3080,,
24-08-2025,6824,,
23-08-2025,7736,,
22-08-2025,4182,,
21-08-2025,5349,,
20-08-2025,1190,,
19-08-2025,7234,,
18-08-2025,0827,,
17-08-2025,7048,,
16-08-2025,8879,,
15-08-2025,6089,,
14-08-2025,6465,,
13-08-2025,0435,,
12-08-2025,7487,,
11-08-2025,6419,,
10-08-2025,9393,,
09-08-2025,5615,,
08-08-2025,8019,,
07-08-2025,8088,,
06-08-2025,1695,,
05-08-2025,1920,,
04-08-2025,4744,,
03-08-2025,1963,,
02-08-2025,2682,,
01-08-2025,7145,,
31-07-2025,0216,,
30-07-2025,8303,,
29-07-2025,5528,,
28-07-2025,9283,,
27-07-2025,2221,,
26-07-2025,2525,,
25-07-2025,0677,,
24-07-2025,0103,,
23-07-2025,0290,,
22-07-2025,8069,,
21-07-2025,1826,,
20-07-2025,4290,,
19-07-2025,9924,,
18-07-2025,6826,,
17-07-2025,1625,,
16-07-2025,3792,,
15-07-2025,7743,,
14-07-2025,8279,,
13-07-2025,4100,,
12-07-2025,0223,,
11-07-2025,2422,,
10-07-2025,0431,,
09-07-2025,0535,,
08-07-2025,0656,,
07-07-2025,8806,,
06-07-2025,1197,,
05-07-2025,6499,,
04-07-2025,2787,,
03-07-2025,3451,,
02-07-2025,6873,,
01-07-2025,0635,,
30-06-2025,5258,,
29-06-2025,2424,,
28-06-2025,4826,,
27-06-2025,3843,,
26-06-2025,5406,,
25-06-2025,8981,,
24-06-2025,8894,,
23-06-2025,9977,,
22-06-2025,6302,,
21-06-2025,0809,,
20-06-2025,0721,,
19-06-2025,2433,,
18-06-2025,6580,,
17-06-2025,5461,,
16-06-2025,7044,,
15-06-2025,3369,,
14-06-2025,2679,,
13-06-2025,2995,,
12-06-2025,3651,,
11-06-2025,1242,,
10-06-2025,3315,,
09-06-2025,2851,,
08-06-2025,2163,,
07-06-2025,7924,,
06-06-2025,5658,,
05-06-2025,0523,,
04-06-2025,9764,,
03-06-2025,3927,,
02-06-2025,2822,,
01-06-2025,6928,,
31-05-2025,2455,,
30-05-2025,0888,,
29-05-2025,3539,,
28-05-2025,7816,,
27-05-2025,1730,,
26-05-2025,3951,,
25-05-2025,1979,,
24-05-2025,3946,,
23-05-2025,3024,,
22-05-2025,6358,,
21-05-2025,6055,,
20-05-2025,7224,,
19-05-2025,1542,,
18-05-2025,5961,,
17-05-2025,6601,,
16-05-2025,3169,,
15-05-2025,0836,,
14-05-2025,8733,,
13-05-2025,4665,,
12-05-2025,5482,,
11-05-2025,9863,,
10-05-2025,1565,,
09-05-2025,9485,,
08-05-2025,9635,,
07-05-2025,6436,,
06-05-2025,3831,,
05-05-2025,4837,,
04-05-2025,2950,,
03-05-2025,1648,,
02-05-2025,5881,,
01-05-2025,8619,,
30-04-2025,6325,,
29-04-2025,5417,,
28-04-2025,4626,,
27-04-2025,0142,,
26-04-2025,2765,,
25-04-2025,2573,,
24-04-2025,3965,,
23-04-2025,1847,,
22-04-2025,3972,,
21-04-2025,3617,,
20-04-2025,9941,,
19-04-2025,3037,,
18-04-2025,0110,,
17-04-2025,7514,,
16-04-2025,2823,,
15-04-2025,9673,,
14-04-2025,6378,,
13-04-2025,8777,,
12-04-2025,0554,,
11-04-2025,7174,,
10-04-2025,4350,,
09-04-2025,7364,,
08-04-2025,8962,,
07-04-2025,5583,,
06-04-2025,4752,,
05-04-2025,4440,,
04-04-2025,4490,,
03-04-2025,3524,,
02-04-2025,8448,,
01-04-2025,3177,,
31-03-2025,5859,,
30-03-2025,8371,,
29-03-2025,5486,,
28-03-2025,7738,,
27-03-2025,6773,,
26-03-2025,5823,,
25-03-2025,6090,,
24-03-2025,2193,,
23-03-2025,7772,,
22-03-2025,7369,,
21-03-2025,1659,,
20-03-2025,8557,,
19-03-2025,5860,,
18-03-2025,9546,,
17-03-2025,6259,,
16-03-2025,1520,,
15-03-2025,5908,,
14-03-2025,4523,,
13-03-2025,2803,,
12-03-2025,6779,,
11-03-2025,5611,,
10-03-2025,1227,,
09-03-2025,8612,,
08-03-2025,0024,,
07-03-2025,4578,,
06-03-2025,8137,,
05-03-2025,4871,,
04-03-2025,2027,,
03-03-2025,3868,,
02-03-2025,3236,,
01-03-2025,4360,,
28-02-2025,0557,,
27-02-2025,6309,,
26-02-2025,4498,,
25-02-2025,8286,,
24-02-2025,8000,,
23-02-2025,6609,,
22-02-2025,4422,,
21-02-2025,8753,,
20-02-2025,9769,,
19-02-2025,5318,,
18-02-2025,6365,,
17-02-2025,5857,,
16-02-2025,7385,,
15-02-2025,7949,,
14-02-2025,9531,,
13-02-2025,8458,,
12-02-2025,8726,,
11-02-2025,5084,,
10-02-2025,1955,,
09-02-2025,6006,,
08-02-2025,6139,,
07-02-2025,5489,,
06-02-2025,2790,,
05-02-2025,6152,,
04-02-2025,8007,,
03-02-2025,3663,,
02-02-2025,9433,,
01-02-2025,9018,,
31-01-2025,4633,,
30-01-2025,8536,,
29-01-2025,1965,,
28-01-2025,7887,,
27-01-2025,7460,,
26-01-2025,4708,,
25-01-2025,3056,,
24-01-2025,2280,,
23-01-2025,1140,,
22-01-2025,6715,,
21-01-2025,9689,,
20-01-2025,7048,,
19-01-2025,1243,,
18-01-2025,1308,,
17-01-2025,3640,,
16-01-2025,6930,,
15-01-2025,2215,,
14-01-2025,5078,,
13-01-2025,4219,,
12-01-2025,4842,,
11-01-2025,0613,,
10-01-2025,8383,,
09-01-2025,1781,,
08-01-2025,2577,,
07-01-2025,0524,,
06-01-2025,6010,,
05-01-2025,4123,,
04-01-2025,2427,,
03-01-2025,6067,,
02-01-2025,3957,,
01-01-2025,0664,,
01-01-2026,0469,,
02-01-2026,9771,,
03-01-2026,9965,,
04-01-2026,0991,,
05-01-2026,4831,,
06-01-2026,8379,,
07-01-2026,1379,,
08-01-2026,2595,,
09-01-2026,4127,,
10-01-2026,2508,,
11-01-2026,9836,,
12-01-2026,3617,,
13-01-2026,1485,,
14-01-2026,6222,,
15-01-2026,1641,,
16-01-2026,2946,,
17-01-2026,5586,,
18-01-2026,2730,,
19-01-2026,0400,,
20-01-2026,7716,,
21-01-2026,4190,,
22-01-2026,7081,,
23-01-2026,2007,,
24-01-2026,9612,,
25-01-2026,0192,,
26-01-2026,3375,,
27-01-2026,7631,,
28-01-2026,8268,,
29-01-2026,7484,,
30-01-2026,2088,,
31-01-2026,4780,,
01-02-2026,3705,,
02-02-2026,9945,,
03-02-2026,2040,,
04-02-2026,6020,,
05-02-2026,6550,,
06-02-2026,0439,,
07-02-2026,3105,,
08-02-2026,4917,,
09-02-2026,0618,,
10-02-2026,1240,,
11-02-2026,7555,,
12-02-2026,9494,,
13-02-2026,1436,,
14-02-2026,6941,,
15-02-2026,7360,,
16-02-2026,5999,,
17-02-2026,6430,,
18-02-2026,4919,,
